parent_slug,parent_name,concept_slug,concept_name,book_count,confirmed_count,weak_count,conditional_count,weighted_coverage,coverage_status,sample_book_titles
market_foundations,Market Foundations,asset_classes_and_financial_instruments,Asset Classes and Financial Instruments,16,11,5,0,13.5,well_covered,All About Asset Allocation | Asset Allocation: Balancing Financial Risk | Common Sense on Mutual Funds
market_foundations,Market Foundations,market_participants_and_incentives,Market Participants and Incentives,9,4,5,0,6.5,well_covered,One Up On Wall Street | The Four Pillars of Investing | Trading and Exchanges
market_foundations,Market Foundations,exchanges_brokers_and_market_infrastructure,"Exchanges, Brokers, and Market Infrastructure",3,3,0,0,3.0,adequate,Algorithmic Trading & DMA | Market Microstructure in Practice | Trading and Exchanges
market_foundations,Market Foundations,order_types_and_execution_mechanics,Order Types and Execution Mechanics,4,3,1,0,3.5,adequate,Algorithmic Trading & DMA | Market Microstructure in Practice | Trading and Exchanges
market_foundations,Market Foundations,liquidity_and_market_depth,Liquidity and Market Depth,5,3,2,0,4.0,adequate,Algorithmic Trading & DMA | Market Microstructure in Practice | Trading and Exchanges
market_foundations,Market Foundations,price_formation_and_market_efficiency,Price Formation and Market Efficiency,19,10,9,0,14.5,well_covered,A Random Walk Down Wall Street | Investment Valuation | Market Microstructure in Practice
fundamental_analysis_and_valuation,Fundamental Analysis and Valuation,financial_statement_analysis,Financial Statement Analysis,19,10,9,0,14.5,well_covered,Financial Shenanigans | Financial Statement Analysis and Security Valuation | International Financial Statement Analysis
fundamental_analysis_and_valuation,Fundamental Analysis and Valuation,business_quality_and_competitive_advantage,Business Quality and Competitive Advantage,14,10,4,0,12.0,well_covered,Common Stocks and Uncommon Profits | One Up On Wall Street | Poor Charlie’s Almanack
fundamental_analysis_and_valuation,Fundamental Analysis and Valuation,intrinsic_value_estimation,Intrinsic Value Estimation,17,12,5,0,14.5,well_covered,Equity Asset Valuation | Financial Statement Analysis and Security Valuation | Fixed Income Analysis
fundamental_analysis_and_valuation,Fundamental Analysis and Valuation,valuation_multiples_and_relative_valuation,Valuation Multiples and Relative Valuation,13,10,3,0,11.5,well_covered,Equity Asset Valuation | Financial Statement Analysis and Security Valuation | Investment Valuation
fundamental_analysis_and_valuation,Fundamental Analysis and Valuation,earnings_growth_and_profitability_drivers,"Earnings, Growth, and Profitability Drivers",15,10,5,0,12.5,well_covered,Common Stocks and Uncommon Profits | Financial Shenanigans | Financial Statement Analysis and Security Valuation
fundamental_analysis_and_valuation,Fundamental Analysis and Valuation,margin_of_safety,Margin of Safety,9,7,2,0,8.0,well_covered,Margin of Safety | Security Analysis | The Essays of Warren Buffett
technical_analysis_and_market_structure,Technical Analysis and Market Structure,trend_analysis,Trend Analysis,7,7,0,0,7.0,well_covered,Come Into My Trading Room | Japanese Candlestick Charting Techniques | Technical Analysis
technical_analysis_and_market_structure,Technical Analysis and Market Structure,support_and_resistance,Support and Resistance,6,5,1,0,5.5,well_covered,Technical Analysis | Technical Analysis of Stock Trends | Technical Analysis of the Financial Markets
technical_analysis_and_market_structure,Technical Analysis and Market Structure,chart_patterns_and_price_action,Chart Patterns and Price Action,5,5,0,0,5.0,adequate,Japanese Candlestick Charting Techniques | Technical Analysis | Technical Analysis of Stock Trends
technical_analysis_and_market_structure,Technical Analysis and Market Structure,volume_analysis,Volume Analysis,4,4,0,0,4.0,adequate,Japanese Candlestick Charting Techniques | Technical Analysis | Technical Analysis of Stock Trends
technical_analysis_and_market_structure,Technical Analysis and Market Structure,momentum_and_technical_indicators,Momentum and Technical Indicators,6,5,1,0,5.5,well_covered,Come Into My Trading Room | Japanese Candlestick Charting Techniques | Technical Analysis
technical_analysis_and_market_structure,Technical Analysis and Market Structure,market_structure_and_regime_identification,Market Structure and Regime Identification,9,7,2,0,8.0,well_covered,Come Into My Trading Room | Technical Analysis | Technical Analysis of Stock Trends
risk_management,Risk Management,position_sizing,Position Sizing,9,9,0,0,9.0,well_covered,Active Portfolio Management: A Quantitative Approach for Producing Superior Returns and Selecting Superior Returns and Controlling Risk | Come Into My Trading Room | Market Wizards
risk_management,Risk Management,stop_loss_and_exit_rules,Stop-Loss and Exit Rules,11,8,3,0,9.5,well_covered,Come Into My Trading Room | Entries & Exits | Market Wizards
risk_management,Risk Management,risk_reward_and_expectancy,Risk-Reward and Expectancy,13,9,4,0,11.0,well_covered,Active Portfolio Management: A Quantitative Approach for Producing Superior Returns and Selecting Superior Returns and Controlling Risk | Against the Gods | Fooled by Randomness
risk_management,Risk Management,drawdown_management,Drawdown Management,6,4,2,0,5.0,well_covered,Come Into My Trading Room | Market Wizards | The New Sell and Sell Short
risk_management,Risk Management,leverage_and_margin_risk,Leverage and Margin Risk,10,4,6,0,7.0,well_covered,Fixed Income Analysis | Quantitative Trading | Technical Analysis of Stock Trends
risk_management,Risk Management,exposure_and_concentration_limits,Exposure and Concentration Limits,5,3,2,0,4.0,adequate,Active Portfolio Management: A Quantitative Approach for Producing Superior Returns and Selecting Superior Returns and Controlling Risk | Come Into My Trading Room | Technical Analysis of Stock Trends
portfolio_construction_and_asset_allocation,Portfolio Construction and Asset Allocation,asset_allocation,Asset Allocation,11,11,0,0,11.0,well_covered,A Random Walk Down Wall Street | All About Asset Allocation | Asset Allocation: Balancing Financial Risk
portfolio_construction_and_asset_allocation,Portfolio Construction and Asset Allocation,diversification,Diversification,20,14,6,0,17.0,well_covered,A Random Walk Down Wall Street | Against the Gods | All About Asset Allocation
portfolio_construction_and_asset_allocation,Portfolio Construction and Asset Allocation,portfolio_rebalancing,Portfolio Rebalancing,10,6,4,0,8.0,well_covered,A Random Walk Down Wall Street | All About Asset Allocation | Asset Allocation: Balancing Financial Risk
portfolio_construction_and_asset_allocation,Portfolio Construction and Asset Allocation,risk_return_tradeoff,Risk-Return Tradeoff,22,19,3,0,20.5,well_covered,A Random Walk Down Wall Street | Active Portfolio Management: A Quantitative Approach for Producing Superior Returns and Selecting Superior Returns and Controlling Risk | Against the Gods
portfolio_construction_and_asset_allocation,Portfolio Construction and Asset Allocation,time_horizon_and_goal_based_investing,Time Horizon and Goal-Based Investing,14,12,2,0,13.0,well_covered,A Random Walk Down Wall Street | All About Asset Allocation | Asset Allocation: Balancing Financial Risk
portfolio_construction_and_asset_allocation,Portfolio Construction and Asset Allocation,passive_vs_active_portfolio_management,Passive vs Active Portfolio Management,14,9,5,0,11.5,well_covered,A Random Walk Down Wall Street | Active Portfolio Management: A Quantitative Approach for Producing Superior Returns and Selecting Superior Returns and Controlling Risk | Common Sense on Mutual Funds
trading_psychology_and_behavioral_finance,Trading Psychology and Behavioral Finance,emotional_discipline,Emotional Discipline,19,14,5,0,16.5,well_covered,All About Asset Allocation | Come Into My Trading Room | Common Stocks and Uncommon Profits
trading_psychology_and_behavioral_finance,Trading Psychology and Behavioral Finance,cognitive_biases,Cognitive Biases,18,13,5,0,15.5,well_covered,A Random Walk Down Wall Street | Against the Gods | Fooled by Randomness
trading_psychology_and_behavioral_finance,Trading Psychology and Behavioral Finance,loss_aversion_and_drawdown_psychology,Loss Aversion and Drawdown Psychology,6,4,2,0,5.0,well_covered,"A Random Walk Down Wall Street | The Psychology of Money | Thinking, Fast and Slow"
trading_psychology_and_behavioral_finance,Trading Psychology and Behavioral Finance,process_oriented_decision_making,Process-Oriented Decision Making,23,19,4,0,21.0,well_covered,Come Into My Trading Room | Common Stocks and Uncommon Profits | Entries & Exits
trading_psychology_and_behavioral_finance,Trading Psychology and Behavioral Finance,overtrading_and_impulse_control,Overtrading and Impulse Control,6,4,2,0,5.0,well_covered,A Random Walk Down Wall Street | The Four Pillars of Investing | The Little Book of Common Sense Investing
trading_psychology_and_behavioral_finance,Trading Psychology and Behavioral Finance,probabilistic_thinking_and_uncertainty,Probabilistic Thinking and Uncertainty,12,10,2,0,11.0,well_covered,Against the Gods | Evidence-Based Technical Analysis | Fooled by Randomness
macro_cycles_and_economic_context,"Macro, Cycles, and Economic Context",interest_rates_and_monetary_policy,Interest Rates and Monetary Policy,9,7,2,0,8.0,well_covered,Big Debt Crises | Fixed Income Analysis | Lords of Finance
macro_cycles_and_economic_context,"Macro, Cycles, and Economic Context",inflation_and_purchasing_power,Inflation and Purchasing Power,8,6,2,0,7.0,well_covered,Big Debt Crises | Lords of Finance | Principles for Dealing with the Changing World Order
macro_cycles_and_economic_context,"Macro, Cycles, and Economic Context",business_cycles_and_market_cycles,Business Cycles and Market Cycles,10,7,2,1,8.3,well_covered,"Big Debt Crises | Manias, Panics, and Crashes | Principles for Dealing with the Changing World Order"
macro_cycles_and_economic_context,"Macro, Cycles, and Economic Context",currency_and_global_macro_forces,Currency and Global Macro Forces,10,7,3,0,8.5,well_covered,Big Debt Crises | Fixed Income Analysis | Lords of Finance
macro_cycles_and_economic_context,"Macro, Cycles, and Economic Context",credit_debt_and_financial_crises,"Credit, Debt, and Financial Crises",13,9,4,0,11.0,well_covered,Big Debt Crises | Fixed Income Analysis | Lords of Finance
macro_cycles_and_economic_context,"Macro, Cycles, and Economic Context",economic_indicators_and_data_interpretation,Economic Indicators and Data Interpretation,4,4,0,0,4.0,adequate,"Big Debt Crises | Principles for Dealing with the Changing World Order | Stocks for the Long Run: The Definitive Guide to Financial Market Returns & Long-Term Investment Strategies, Sixth Edition"
strategy_systems_and_execution,"Strategy, Systems, and Execution",strategy_design_and_rule_definition,Strategy Design and Rule Definition,17,16,1,0,16.5,well_covered,Active Portfolio Management: A Quantitative Approach for Producing Superior Returns and Selecting Superior Returns and Controlling Risk | Algorithmic Trading & DMA | Come Into My Trading Room
strategy_systems_and_execution,"Strategy, Systems, and Execution",backtesting_and_strategy_validation,Backtesting and Strategy Validation,11,7,4,0,9.0,well_covered,Active Portfolio Management: A Quantitative Approach for Producing Superior Returns and Selecting Superior Returns and Controlling Risk | Come Into My Trading Room | Evidence-Based Technical Analysis
strategy_systems_and_execution,"Strategy, Systems, and Execution",trade_planning_and_preparation,Trade Planning and Preparation,10,8,2,0,9.0,well_covered,Algorithmic Trading & DMA | Come Into My Trading Room | Entries & Exits
strategy_systems_and_execution,"Strategy, Systems, and Execution",execution_quality_and_trade_implementation,Execution Quality and Trade Implementation,8,5,2,1,6.3,well_covered,Active Portfolio Management: A Quantitative Approach for Producing Superior Returns and Selecting Superior Returns and Controlling Risk | Algorithmic Trading & DMA | Market Microstructure in Practice
strategy_systems_and_execution,"Strategy, Systems, and Execution",journaling_and_performance_review,Journaling and Performance Review,6,5,1,0,5.5,well_covered,Active Portfolio Management: A Quantitative Approach for Producing Superior Returns and Selecting Superior Returns and Controlling Risk | Come Into My Trading Room | Entries & Exits
strategy_systems_and_execution,"Strategy, Systems, and Execution",system_iteration_and_continuous_improvement,System Iteration and Continuous Improvement,4,3,1,0,3.5,adequate,Evidence-Based Technical Analysis | Market Wizards | Trade Your Way to Financial Freedom
