rank,title,author,publication_year,primary_parent_category,likely_leaf_nodes,rating_source,average_rating,rating_count,reputation_evidence,why_include,source_urls,status,recommended_action,corpus_row,corpus_title,corpus_author,match_score,match_author_ok,corpus_source,canonical_isbn_13,already_annotated,annotation_count,notes
1,The Intelligent Investor,Benjamin Graham,1949,fundamental_analysis_and_valuation,intrinsic_value_estimation; margin_of_safety; valuation_multiples_and_relative_valuation; emotional_discipline,Goodreads,4.23,142699,Widely cited value investing classic; high reader validation,Core value-investing anchor for margin of safety and investor temperament,https://www.goodreads.com/book/show/106835.The_Intelligent_Investor; https://en.wikipedia.org/wiki/The_Intelligent_Investor,already_annotated,Skip for now unless doing audit/review.,420,The Intelligent Investor,Benjamin Graham,1.000,yes,audit_must_include,9780062312686,yes,11,Existing annotations found in annotations_v1.csv.
2,Security Analysis,Benjamin Graham and David Dodd,1934,fundamental_analysis_and_valuation,financial_statement_analysis; intrinsic_value_estimation; margin_of_safety; valuation_multiples_and_relative_valuation,Goodreads,4.30,9876,Canonical professional value investing text,Needed for deeper valuation and security-analysis coverage beyond beginner books,https://www.goodreads.com/book/show/203409.Security_Analysis,ready_to_annotate,Open annotate.py with this corpus_row after checking content evidence.,435,Security Analysis,"Benjamin Graham, David Le Fevre Dodd",1.000,yes,curated_top50,9780071623551,no,0,Matched in corpus but not annotated yet.
3,Margin of Safety,Seth A. Klarman,1991,fundamental_analysis_and_valuation,margin_of_safety; intrinsic_value_estimation; risk_reward_and_expectancy; loss_aversion_and_drawdown_psychology,Goodreads,4.33,7133,Cult value-investing classic; strong specialist reputation,Best single book for risk-averse value investing and downside-first thinking,https://www.goodreads.com/book/show/746936; https://www.goodreads.com/author/show/395523.Seth_A_Klarman,ready_to_annotate,Open annotate.py with this corpus_row after checking content evidence.,436,Margin of Safety,Seth A. Klarman,1.000,yes,curated_top50,9780887305108,no,0,Matched in corpus but not annotated yet.
4,The Essays of Warren Buffett,Warren Buffett and Lawrence Cunningham,1997,fundamental_analysis_and_valuation,business_quality_and_competitive_advantage; earnings_growth_and_profitability_drivers; passive_vs_active_portfolio_management; process_oriented_decision_making,Goodreads,4.33,8293,High Goodreads validation; primary-source Buffett shareholder-letter synthesis,"Covers business quality, capital allocation, and long-term ownership logic",https://www.goodreads.com/en/book/show/145565.The_Essays_of_Warren_Buffett_,ready_to_annotate,Open annotate.py with this corpus_row after checking content evidence.,437,The Essays of Warren Buffett,Warren Buffett,1.000,yes,curated_top50,9780470824412,no,0,Matched in corpus but not annotated yet.
5,Common Stocks and Uncommon Profits,Philip A. Fisher,1958,fundamental_analysis_and_valuation,business_quality_and_competitive_advantage; earnings_growth_and_profitability_drivers; intrinsic_value_estimation,Goodreads,4.14,16635,Classic growth-quality investing book with large rating count,Adds qualitative business-analysis coverage that Graham-style books underweight,https://www.goodreads.com/en/book/show/25574.Common_Stocks_and_Uncommon_Profits_and_Other_Writings,ready_to_annotate,Open annotate.py with this corpus_row after checking content evidence.,438,Common Stocks and Uncommon Profits,Philip A. Fisher,1.000,yes,curated_top50,9780471246091,no,0,Matched in corpus but not annotated yet.
6,One Up On Wall Street,Peter Lynch,1989,fundamental_analysis_and_valuation,business_quality_and_competitive_advantage; earnings_growth_and_profitability_drivers; valuation_multiples_and_relative_valuation; market_participants_and_incentives,Goodreads,4.29,41314,High rating count; mainstream investing classic,"Useful for practical company classification, stock narratives, and retail-investor edge claims",https://www.goodreads.com/book/show/762462.One_Up_On_Wall_Street,ready_to_annotate,Open annotate.py with this corpus_row after checking content evidence.,439,One Up On Wall Street,Peter Lynch,1.000,yes,curated_top50,9781439126158,no,0,Matched in corpus but not annotated yet.
7,The Most Important Thing,Howard Marks,2011,risk_management,risk_reward_and_expectancy; drawdown_management; probabilistic_thinking_and_uncertainty; process_oriented_decision_making,Goodreads,4.32,16745,Highly rated Oaktree memo-based investing text,"Strong bridge between valuation, risk, second-level thinking, and cycles",https://www.goodreads.com/book/show/10454418-the-most-important-thing,ready_to_annotate,Open annotate.py with this corpus_row after checking content evidence.,440,The Most Important Thing,Howard Marks,1.000,yes,curated_top50,9780231527095,no,0,Matched in corpus but not annotated yet.
8,You Can Be a Stock Market Genius,Joel Greenblatt,1997,fundamental_analysis_and_valuation,intrinsic_value_estimation; market_participants_and_incentives; valuation_multiples_and_relative_valuation; margin_of_safety,Goodreads,4.21,8702,High specialist reputation; strong Goodreads rating,"Covers special situations, spin-offs, restructurings, and inefficient-market niches",https://www.goodreads.com/work/editions/111891-you-can-be-a-stock-market-genius-uncover-the-secret-hiding-places-of-st,ready_to_annotate,Open annotate.py with this corpus_row after checking content evidence.,441,You Can Be a Stock Market Genius,Joel Greenblatt,1.000,yes,curated_top50,9780684840079,no,0,Matched in corpus but not annotated yet.
9,The Little Book That Beats the Market,Joel Greenblatt,2005,fundamental_analysis_and_valuation,valuation_multiples_and_relative_valuation; earnings_growth_and_profitability_drivers; strategy_design_and_rule_definition,Goodreads,not_verified,9771,Popular systematic value-quality framework,Useful for simple rule-based factor thinking and quality/value screening,https://www.goodreads.com/book/show/75889.The_Little_Book_That_Beats_the_Market; https://www.goodreads.com/en/book/show/8247775-the-little-book-that-still-beats-the-market,ready_to_annotate,Open annotate.py with this corpus_row after checking content evidence.,442,The Little Book That Beats the Market,Joel Greenblatt,1.000,yes,curated_top50,9780471773627,no,0,Matched in corpus but not annotated yet.
10,Poor Charlie's Almanack,Charles T. Munger,2005,trading_psychology_and_behavioral_finance,cognitive_biases; process_oriented_decision_making; probabilistic_thinking_and_uncertainty; business_quality_and_competitive_advantage,Goodreads,4.39,19224,Strong reader validation; Munger mental-model canon,Excellent for cognitive-bias tagging and multidisciplinary decision-making,https://www.goodreads.com/book/show/944652.Poor_Charlie_s_Almanack; https://www.goodreads.com/author/list/236437.Charles_T_Munger,ready_to_annotate,Open annotate.py with this corpus_row after checking content evidence.,443,Poor Charlie’s Almanack,Charles T. Munger,1.000,yes,curated_top50,9781953953247,no,0,Matched in corpus but not annotated yet.
11,The Outsiders,William N. Thorndike Jr.,2012,fundamental_analysis_and_valuation,business_quality_and_competitive_advantage; earnings_growth_and_profitability_drivers; intrinsic_value_estimation,Goodreads,4.23,13841,High rating count; capital-allocation classic,Adds CEO capital allocation and business-quality evidence to the taxonomy,https://www.goodreads.com/book/show/13586932-the-outsiders,ready_to_annotate,Open annotate.py with this corpus_row after checking content evidence.,465,The Outsiders,William Thorndike,1.000,yes,curated_top50,9781422162675,no,0,Matched in corpus but not annotated yet.
12,Value Investing: From Graham to Buffett and Beyond,Bruce Greenwald et al.,2001,fundamental_analysis_and_valuation,intrinsic_value_estimation; margin_of_safety; financial_statement_analysis; valuation_multiples_and_relative_valuation,expert sources only,N/A,N/A,Columbia value-investing lineage; academic/practitioner text,Useful as a structured bridge from Graham principles to modern valuation application,https://books.google.com/books/about/Value_Investing.html?id=Jg6rAAAACAAJ,ready_to_annotate,Open annotate.py with this corpus_row after checking content evidence.,466,Value Investing,"Bruce C. Greenwald, Judd Kahn, Erin Bellissimo, Mark A. Cooper, Tano Santos",1.000,yes,curated_top50,9780470116739,no,0,Matched in corpus but not annotated yet.
13,International Financial Statement Analysis,Thomas R. Robinson et al.,2008,fundamental_analysis_and_valuation,financial_statement_analysis; earnings_growth_and_profitability_drivers; valuation_multiples_and_relative_valuation,expert sources only,N/A,N/A,CFA Institute Investment Series; Wiley publication,Best fit for rigorous accounting and statement-analysis annotation,https://www.wiley.com/en-us/International%2BFinancial%2BStatement%2BAnalysis%2C%2B4th%2BEdition-p-9781119628149,already_annotated,Skip for now unless doing audit/review.,192,International Financial Statement Analysis,"Thomas R. Robinson, Elaine Henry, Wendy L. Pirie, Michael A. Broihahn",1.000,yes,google_books,9781119029748,yes,8,Existing annotations found in annotations_v1.csv.
14,Equity Asset Valuation,Jerald E. Pinto et al.,2007,fundamental_analysis_and_valuation,intrinsic_value_estimation; valuation_multiples_and_relative_valuation; earnings_growth_and_profitability_drivers,expert sources only,N/A,N/A,CFA Institute Investment Series; Wiley publication,Directly covers valuation models and equity-pricing methods,https://www.wiley.com/en-ie/Equity%2BAsset%2BValuation%2C%2B4th%2BEdition-p-9781119628101,ready_to_annotate,Open annotate.py with this corpus_row after checking content evidence.,444,Equity Asset Valuation,"Jerald E. Pinto, Elaine Henry, Thomas R. Robinson, John D. Stowe",1.000,yes,curated_top50,9780470579657,no,0,Matched in corpus but not annotated yet.
15,Valuation: Measuring and Managing the Value of Companies,McKinsey & Company / Koller Goedhart Wessels,1990,fundamental_analysis_and_valuation,intrinsic_value_estimation; financial_statement_analysis; earnings_growth_and_profitability_drivers; valuation_multiples_and_relative_valuation,expert sources only,N/A,N/A,Practitioner-standard corporate valuation text,"Needed for DCF, ROIC, growth, and enterprise-valuation coverage",https://www.wiley.com/en-us/Valuation%3A%2BMeasuring%2Band%2BManaging%2Bthe%2BValue%2Bof%2BCompanies%2C%2B7th%2BEdition-p-9781119611868,ready_to_annotate,Open annotate.py with this corpus_row after checking content evidence.,467,Valuation,"McKinsey & Company Inc., Tim Koller, Marc Goedhart, David Wessels",1.000,yes,curated_top50,9781118873939,no,0,Matched in corpus but not annotated yet.
16,Investment Valuation,Aswath Damodaran,1994,fundamental_analysis_and_valuation,intrinsic_value_estimation; valuation_multiples_and_relative_valuation; financial_statement_analysis,expert sources only,N/A,N/A,Damodaran valuation canon; university/publisher reputation,"High-value annotation source for DCF, relative valuation, and valuation assumptions",https://pages.stern.nyu.edu/~adamodar/,ready_to_annotate,Open annotate.py with this corpus_row after checking content evidence.,445,Investment Valuation,Aswath Damodaran,1.000,yes,curated_top50,9780471414902,no,0,Matched in corpus but not annotated yet.
17,Quality Investing,Lawrence A. Cunningham Torkell T. Eide and Patrick Hargreaves,2016,fundamental_analysis_and_valuation,business_quality_and_competitive_advantage; earnings_growth_and_profitability_drivers; intrinsic_value_estimation,expert sources only,N/A,N/A,Specialist quality-investing text,Fills quality/moat/profitability leaves better than broad investing books,https://www.harriman-house.com/qualityinvesting,ready_to_annotate,Open annotate.py with this corpus_row after checking content evidence.,446,Quality Investing,"Torkell T. Eide, Patrick Hargreaves, Lawrence A. Cunningham",1.000,yes,curated_top50,9780857195012,no,0,Matched in corpus but not annotated yet.
18,Financial Shenanigans,Howard Schilit,1993,fundamental_analysis_and_valuation,financial_statement_analysis; earnings_growth_and_profitability_drivers; risk_reward_and_expectancy,expert sources only,N/A,N/A,Well-known forensic accounting text,Important for accounting red flags and avoiding false valuation signals,https://www.mheducation.com/highered/product/financial-shenanigans-fourth-edition-schilit-perler/M9781260117264.html,ready_to_annotate,Open annotate.py with this corpus_row after checking content evidence.,447,Financial Shenanigans,"Howard M. Schilit, Yoni Engelhart, Jeremy Perler",1.000,yes,curated_top50,,no,0,Matched in corpus but not annotated yet.
19,A Random Walk Down Wall Street,Burton G. Malkiel,1973,portfolio_construction_and_asset_allocation,price_formation_and_market_efficiency; passive_vs_active_portfolio_management; diversification; risk_return_tradeoff,Goodreads,4.14,41431,Large rating count; efficient-market/passive-investing classic,Core text for market efficiency and passive-versus-active reasoning,https://www.goodreads.com/book/show/900892.A_Random_Walk_Down_Wall_Street,already_annotated,Skip for now unless doing audit/review.,431,A Random Walk Down Wall Street,Burton Gordon Malkiel,1.000,yes,audit_must_include,9780393325355,yes,10,Existing annotations found in annotations_v1.csv.
20,The Little Book of Common Sense Investing,John C. Bogle,2007,portfolio_construction_and_asset_allocation,passive_vs_active_portfolio_management; diversification; portfolio_rebalancing; time_horizon_and_goal_based_investing,Goodreads,4.46,2584,Bogleheads-aligned classic; strong rating,"Needed for index investing, low-cost funds, and passive portfolio logic",https://www.goodreads.com/work/editions/165246-the-little-book-of-common-sense-investing-the-only-way-to-guarantee-you; https://www.bogleheads.org/wiki/Taylor_Larimore%27s_Investment_Gems,already_annotated,Skip for now unless doing audit/review.,432,The Little Book of Common Sense Investing,John C. Bogle,1.000,yes,audit_must_include,9781119404521,yes,8,Existing annotations found in annotations_v1.csv.
21,Common Sense on Mutual Funds,John C. Bogle,1999,portfolio_construction_and_asset_allocation,passive_vs_active_portfolio_management; diversification; portfolio_rebalancing; risk_return_tradeoff,Goodreads,not_verified,2410,Bogle mutual-fund classic; Bogleheads relevance,"Covers mutual funds, fees, active-management limitations, and indexing",https://www.goodreads.com/book/show/7081902-common-sense-on-mutual-funds; https://www.bogleheads.org/wiki/John_Bogle_biographical_information,ready_to_annotate,Open annotate.py with this corpus_row after checking content evidence.,448,Common Sense on Mutual Funds,John C. Bogle,1.000,yes,curated_top50,9780471392286,no,0,Matched in corpus but not annotated yet.
22,The Four Pillars of Investing,William J. Bernstein,2002,portfolio_construction_and_asset_allocation,asset_allocation; diversification; risk_return_tradeoff; cognitive_biases; time_horizon_and_goal_based_investing,Goodreads,4.24,6381,High reader validation; Bogleheads-adjacent recommendation,"Strong all-around portfolio framework combining theory, history, psychology, and allocation",https://www.goodreads.com/en/book/show/79351.The_Four_Pillars_of_Investing,already_annotated,Skip for now unless doing audit/review.,434,The Four Pillars of Investing,William J. Bernstein,1.000,yes,audit_must_include,9780071423472,yes,12,Existing annotations found in annotations_v1.csv.
23,All About Asset Allocation,Richard A. Ferri,2006,portfolio_construction_and_asset_allocation,asset_allocation; diversification; portfolio_rebalancing; risk_return_tradeoff,expert sources only,N/A,N/A,Bogleheads-style asset-allocation text by Rick Ferri,Useful focused source for allocation and rebalancing leaves,https://www.mheducation.com/highered/product/all-about-asset-allocation-second-edition-ferri/M9780071700788.html,ready_to_annotate,Open annotate.py with this corpus_row after checking content evidence.,449,All About Asset Allocation,Richard Ferri,1.000,yes,curated_top50,,no,0,Matched in corpus but not annotated yet.
24,Asset Allocation: Balancing Financial Risk,Roger C. Gibson,1989,portfolio_construction_and_asset_allocation,asset_allocation; diversification; risk_return_tradeoff; portfolio_rebalancing,expert sources only,N/A,N/A,Longstanding asset-allocation reference,Good for asset-class diversification and risk-balancing concepts,https://www.mheducation.com/highered/product/asset-allocation-balancing-financial-risk-fifth-edition-gibson/M9780071804189.html,ready_to_annotate,Open annotate.py with this corpus_row after checking content evidence.,450,Asset Allocation: Balancing Financial Risk,Roger C. Gibson,1.000,yes,curated_top50,9780071378017,no,0,Matched in corpus but not annotated yet.
25,Active Portfolio Management,Richard Grinold and Ronald Kahn,1999,portfolio_construction_and_asset_allocation,risk_return_tradeoff; passive_vs_active_portfolio_management; exposure_and_concentration_limits; strategy_design_and_rule_definition,expert sources only,N/A,N/A,Institutional active-management classic,"Important for alpha, benchmark risk, information ratio, and portfolio constraints",https://www.mheducation.com/highered/product/active-portfolio-management-grinold-kahn/M9780070248823.html,already_annotated,Skip for now unless doing audit/review.,114,Active Portfolio Management: A Quantitative Approach for Producing Superior Returns and Selecting Superior Returns and Controlling Risk,"Richard C. Grinold, Ronald N. Kahn",1.000,yes,google_books,9780071376952,yes,14,Existing annotations found in annotations_v1.csv.
26,"Portfolio Management in Practice, CFA Institute",CFA Institute,2020,portfolio_construction_and_asset_allocation,asset_allocation; portfolio_rebalancing; risk_return_tradeoff; time_horizon_and_goal_based_investing,expert sources only,N/A,N/A,CFA Institute Investment Series; Wiley publication,Institutional portfolio-process anchor for structured annotation,https://www.wiley.com/en-gb/Portfolio%2BManagement%2Bin%2BPractice%2C%2BVolume%2B1%3A%2BInvestment%2BManagement-p-9781119743729,needs_backfill,"Backfill into corpus, then annotate with content evidence.",,,,,,,,no,0,No high-confidence corpus match found.
27,Fixed Income Analysis,Frank J. Fabozzi / CFA Institute,2000,market_foundations,asset_classes_and_financial_instruments; interest_rates_and_monetary_policy; risk_return_tradeoff; inflation_and_purchasing_power,Goodreads,4.40,5,CFA Institute Investment Series; specialist text,Needed because Atlas should not become equities-only; covers bonds and rates,https://www.wiley.com/en-be/Fixed%2BIncome%2BAnalysis%2C%2B5th%2BEdition-p-9781119850540; https://books.google.com/books/about/Fixed_Income_Analysis.html?id=ljEaBgAAQBAJ,ready_to_annotate,Open annotate.py with this corpus_row after checking content evidence.,451,Fixed Income Analysis,Frank J. Fabozzi,1.000,yes,curated_top50,9780470107843,no,0,Matched in corpus but not annotated yet.
28,The Bogleheads' Guide to Investing,Taylor Larimore Mel Lindauer and Michael LeBoeuf,2006,portfolio_construction_and_asset_allocation,asset_allocation; diversification; portfolio_rebalancing; passive_vs_active_portfolio_management; time_horizon_and_goal_based_investing,expert sources only,N/A,N/A,Bogleheads community reference; popular first-book recommendation,Good broad passive-investing and implementation bridge,https://www.bogleheads.org/wiki/Book_recommendations_and_reviews; https://www.amazon.com/Bogleheads-Guide-Investing-Taylor-Larimore/dp/0470067365,ready_to_annotate,Open annotate.py with this corpus_row after checking content evidence.,452,The Bogleheads' Guide to Investing,"Mel Lindauer, Taylor Larimore, Michael LeBoeuf",1.000,yes,curated_top50,9781118922361,no,0,Matched in corpus but not annotated yet.
29,Stocks for the Long Run,Jeremy J. Siegel,1994,portfolio_construction_and_asset_allocation,risk_return_tradeoff; asset_allocation; inflation_and_purchasing_power; business_cycles_and_market_cycles,expert sources only,N/A,N/A,Longstanding historical equity-return reference,Covers long-run asset returns and stock/bond allocation context,https://www.mheducation.com/highered/product/stocks-long-run-siegel/M9781264269804.html,already_annotated,Skip for now unless doing audit/review.,145,"Stocks for the Long Run: The Definitive Guide to Financial Market Returns & Long-Term Investment Strategies, Sixth Edition",Jeremy J. Siegel,1.000,yes,google_books,9781264269815,yes,15,Existing annotations found in annotations_v1.csv.
30,Manias Panics and Crashes,Charles P. Kindleberger and Robert Aliber,1978,macro_cycles_and_economic_context,credit_debt_and_financial_crises; business_cycles_and_market_cycles; market_participants_and_incentives; loss_aversion_and_drawdown_psychology,Goodreads,3.94,4153,Classic financial-crisis history text,"Essential for bubbles, crashes, credit cycles, and crisis-pattern annotation",https://www.goodreads.com/en/book/show/367596.Manias_Panics_and_Crashes,ready_to_annotate,Open annotate.py with this corpus_row after checking content evidence.,453,"Manias, Panics, and Crashes","Robert Z. Aliber, Charles P. Kindleberger, Robert N. McCauley",1.000,yes,curated_top50,9783031160080,no,0,Matched in corpus but not annotated yet.
31,This Time Is Different,Carmen Reinhart and Kenneth Rogoff,2009,macro_cycles_and_economic_context,credit_debt_and_financial_crises; currency_and_global_macro_forces; economic_indicators_and_data_interpretation,Goodreads,3.76,6683,Major empirical financial-crisis text,"Adds sovereign debt, banking crises, currency crises, and long historical data",https://www.goodreads.com/book/show/6372440-this-time-is-different,ready_to_annotate,Open annotate.py with this corpus_row after checking content evidence.,454,This Time Is Different,"Carmen M. Reinhart, Kenneth S. Rogoff",1.000,yes,curated_top50,9780691152646,no,0,Matched in corpus but not annotated yet.
32,The Alchemy of Finance,George Soros,1987,macro_cycles_and_economic_context,business_cycles_and_market_cycles; currency_and_global_macro_forces; probabilistic_thinking_and_uncertainty; market_structure_and_regime_identification,Goodreads,3.75,4690,Macro investing classic by Soros,"Useful for reflexivity, macro regime shifts, and market feedback loops",https://www.goodreads.com/book/show/369708.The_Alchemy_of_Finance,ready_to_annotate,Open annotate.py with this corpus_row after checking content evidence.,455,The Alchemy of Finance,George Soros,1.000,yes,curated_top50,9780471445494,no,0,Matched in corpus but not annotated yet.
33,Principles for Dealing with the Changing World Order,Ray Dalio,2021,macro_cycles_and_economic_context,business_cycles_and_market_cycles; credit_debt_and_financial_crises; currency_and_global_macro_forces; inflation_and_purchasing_power,expert sources only,N/A,N/A,Popular macro-cycle framework by Bridgewater founder,"Useful for long-cycle, debt-cycle, reserve-currency, and geopolitical macro leaves",https://www.simonandschuster.com/books/Principles-for-Dealing-with-the-Changing-World-Order/Ray-Dalio/9781982160272,ready_to_annotate,Open annotate.py with this corpus_row after checking content evidence.,456,Principles for Dealing with the Changing World Order,Ray Dalio,1.000,yes,curated_top50,9781471196706,no,0,Matched in corpus but not annotated yet.
34,Lords of Finance,Liaquat Ahamed,2009,macro_cycles_and_economic_context,interest_rates_and_monetary_policy; credit_debt_and_financial_crises; currency_and_global_macro_forces,expert sources only,N/A,N/A,Pulitzer-winning financial history,"Adds central banking, gold standard, monetary policy, and crisis history",https://www.penguinrandomhouse.com/books/297323/lords-of-finance-by-liaquat-ahamed/,ready_to_annotate,Open annotate.py with this corpus_row after checking content evidence.,457,Lords of Finance,Liaquat Ahamed,1.000,yes,curated_top50,9781446494370,no,0,Matched in corpus but not annotated yet.
35,Thinking Fast and Slow,Daniel Kahneman,2011,trading_psychology_and_behavioral_finance,cognitive_biases; loss_aversion_and_drawdown_psychology; process_oriented_decision_making; probabilistic_thinking_and_uncertainty,Goodreads,4.17,602324,Massive reader validation; Nobel-linked behavioral decision science,"Core behavioral-finance foundation, even though not market-specific",https://www.goodreads.com/book/show/11468377-thinking-fast-and-slow,ready_to_annotate,Open annotate.py with this corpus_row after checking content evidence.,458,"Thinking, Fast and Slow",Daniel Kahneman,1.000,yes,curated_top50,9780141918921,no,0,Matched in corpus but not annotated yet.
36,The Psychology of Money,Morgan Housel,2020,trading_psychology_and_behavioral_finance,emotional_discipline; loss_aversion_and_drawdown_psychology; time_horizon_and_goal_based_investing; process_oriented_decision_making,Goodreads,4.28,342441,Very high reader validation,"Good accessible bridge for investor behavior, time horizon, and temperament",https://www.goodreads.com/book/show/41881472-the-psychology-of-money,already_annotated,Skip for now unless doing audit/review.,421,The Psychology of Money,Morgan Housel,1.000,yes,audit_must_include,9780857197696,yes,7,Existing annotations found in annotations_v1.csv.
37,Fooled by Randomness,Nassim Nicholas Taleb,2001,trading_psychology_and_behavioral_finance,probabilistic_thinking_and_uncertainty; cognitive_biases; risk_reward_and_expectancy; process_oriented_decision_making,Goodreads,4.08,72337,High rating count; randomness and uncertainty classic,"Strong for survivorship bias, luck, probability, and trader overconfidence",https://www.goodreads.com/book/show/38315.Fooled_by_Randomness,ready_to_annotate,Open annotate.py with this corpus_row after checking content evidence.,459,Fooled by Randomness,Nassim Nicholas Taleb,1.000,yes,curated_top50,9780141930237,no,0,Matched in corpus but not annotated yet.
38,Against the Gods: The Remarkable Story of Risk,Peter L. Bernstein,1996,risk_management,probabilistic_thinking_and_uncertainty; risk_return_tradeoff; risk_reward_and_expectancy; cognitive_biases,expert sources only,N/A,N/A,Risk-history classic,"Excellent conceptual foundation for risk, probability, and uncertainty",https://www.penguinrandomhouse.com/books/12459/against-the-gods-by-peter-l-bernstein/,ready_to_annotate,Open annotate.py with this corpus_row after checking content evidence.,468,Against the Gods,Peter L. Bernstein,1.000,yes,curated_top50,9780471121046,no,0,Matched in corpus but not annotated yet.
39,Market Wizards,Jack D. Schwager,1989,trading_psychology_and_behavioral_finance,emotional_discipline; process_oriented_decision_making; risk_reward_and_expectancy; drawdown_management; trade_planning_and_preparation,Goodreads,4.28,10681,High rating count; trader-interview classic,"Useful for process, risk discipline, and varied trading styles without overfitting to one method",https://www.goodreads.com/book/show/30168787-market-wizards,already_annotated,Skip for now unless doing audit/review.,430,Market Wizards,Jack D. Schwager,1.000,yes,audit_must_include,,yes,9,Existing annotations found in annotations_v1.csv.
40,Trading in the Zone,Mark Douglas,2000,trading_psychology_and_behavioral_finance,emotional_discipline; overtrading_and_impulse_control; loss_aversion_and_drawdown_psychology; probabilistic_thinking_and_uncertainty,expert sources only,N/A,N/A,Widely recommended trading-psychology book,Covers emotional discipline and probabilistic execution mindset,https://www.penguinrandomhouse.com/books/288984/trading-in-the-zone-by-mark-douglas/,already_annotated,Skip for now unless doing audit/review.,422,Trading in the Zone,Mark Douglas,1.000,yes,audit_must_include,9781440625411,yes,5,Existing annotations found in annotations_v1.csv.
41,Technical Analysis of the Financial Markets,John J. Murphy,1999,technical_analysis_and_market_structure,trend_analysis; support_and_resistance; chart_patterns_and_price_action; momentum_and_technical_indicators; volume_analysis,Goodreads,4.21,4089,Technical-analysis reference; high specialist reputation,Core introductory technical-analysis coverage across many leaves,https://www.goodreads.com/book/show/212102; https://books.google.com/books/about/Technical_Analysis_of_the_Financial_Mark.html?id=teitAAAAQBAJ,already_annotated,Skip for now unless doing audit/review.,8,Technical Analysis of the Financial Markets,John J. Murphy,1.000,yes,google_books,9781101659199,yes,8,Existing annotations found in annotations_v1.csv.
42,Technical Analysis of Stock Trends,Robert D. Edwards and John Magee,1948,technical_analysis_and_market_structure,trend_analysis; support_and_resistance; chart_patterns_and_price_action; market_structure_and_regime_identification,Goodreads,4.16,747,Classic chart-pattern text; IFTA reading-list relevance,"Historical anchor for chart patterns, trend structure, and support/resistance",https://www.goodreads.com/book/show/474623.Technical_Analysis_of_Stock_Trends; https://www.oreilly.com/library/view/a-handbook-of/9781118498910/38_appendixb.html,already_annotated,Skip for now unless doing audit/review.,49,Technical Analysis of Stock Trends,"Robert D. Edwards, John Magee, W.H.C. Bassetti",1.000,yes,google_books,9781351631433,yes,14,Existing annotations found in annotations_v1.csv.
43,Japanese Candlestick Charting Techniques,Steve Nison,1991,technical_analysis_and_market_structure,chart_patterns_and_price_action; support_and_resistance; trend_analysis,Goodreads,4.31,2055,High specialist rating; candlestick-analysis standard,Needed for candlestick-specific price-action tagging,https://www.goodreads.com/book/show/20931958-japanese-candlestick-charting-techniques,ready_to_annotate,Open annotate.py with this corpus_row after checking content evidence.,460,Japanese Candlestick Charting Techniques,Steve Nison,1.000,yes,curated_top50,9781101659786,no,0,Matched in corpus but not annotated yet.
44,Technical Analysis: The Complete Resource for Financial Market Technicians,Charles D. Kirkpatrick II and Julie R. Dahlquist,2006,technical_analysis_and_market_structure,trend_analysis; momentum_and_technical_indicators; chart_patterns_and_price_action; market_structure_and_regime_identification; backtesting_and_strategy_validation,expert sources only,N/A,N/A,Official companion to CMT program per publisher/O'Reilly description,"More rigorous, evidence-aware TA reference than many retail TA books",https://www.oreilly.com/library/view/technical-analysis-the/9780132599580/; https://www.pearson.com/en-au/subject-catalog/p/technical-analysis-the-complete-resource-for-financial-market-technicians/P200000000373/9780134137162,already_annotated,Skip for now unless doing audit/review.,42,Technical Analysis,"Charles D. Kirkpatrick II, Julie R. Dahlquist",1.000,yes,google_books,9780134137162,yes,14,Existing annotations found in annotations_v1.csv.
45,Evidence-Based Technical Analysis,David Aronson,2006,technical_analysis_and_market_structure,backtesting_and_strategy_validation; momentum_and_technical_indicators; strategy_design_and_rule_definition; probabilistic_thinking_and_uncertainty,Goodreads,3.66,154,Specialist evidence-based TA text,Important because it teaches how to test signals instead of just naming indicators,https://www.goodreads.com/en/book/show/203967.Evidence_Based_Technical_Analysis; https://www.cxoadvisory.com/technical-trading/evidence-based-technical-analysis-applying-the-scientific-method-and-statistical-inference-to-trading-signals-chapter-by-chapter-review/,already_annotated,Skip for now unless doing audit/review.,429,Evidence-Based Technical Analysis,David Aronson,1.000,yes,audit_must_include,9781118160589,yes,6,Existing annotations found in annotations_v1.csv.
46,Trading and Exchanges: Market Microstructure for Practitioners,Larry Harris,2002,market_foundations,exchanges_brokers_and_market_infrastructure; order_types_and_execution_mechanics; liquidity_and_market_depth; price_formation_and_market_efficiency; market_participants_and_incentives,expert sources only,N/A,N/A,Oxford University Press; market microstructure classic,"Critical for market mechanics, order books, liquidity, spreads, and execution logic",https://global.oup.com/academic/product/trading-and-exchanges-9780195144703; https://books.google.com/books/about/Trading_and_Exchanges.html?id=t-TQCwAAQBAJ,already_annotated,Skip for now unless doing audit/review.,424,Trading and Exchanges,Larry Harris,1.000,yes,audit_must_include,9780199726547,yes,6,Existing annotations found in annotations_v1.csv.
47,Market Microstructure in Practice,Charles-Albert Lehalle and Sophie Laruelle,2013,market_foundations,liquidity_and_market_depth; exchanges_brokers_and_market_infrastructure; order_types_and_execution_mechanics; price_formation_and_market_efficiency,expert sources only,N/A,N/A,World Scientific specialist book; institutional microstructure focus,Adds modern electronic-market and liquidity structure coverage,https://www.worldscientific.com/worldscibooks/10.1142/10739,ready_to_annotate,Open annotate.py with this corpus_row after checking content evidence.,461,Market Microstructure in Practice,"Charles-Albert Lehalle, Sophie Laruelle",1.000,yes,curated_top50,9789814566162,no,0,Matched in corpus but not annotated yet.
48,Algorithmic Trading and DMA,Barry Johnson,2010,strategy_systems_and_execution,execution_quality_and_trade_implementation; order_types_and_execution_mechanics; liquidity_and_market_depth; trade_planning_and_preparation,expert sources only,N/A,N/A,Institutional execution/DMA reference; QuantInsti/Quantocracy relevance,"Best fit for direct market access, execution, and institutional order handling",https://www.amazon.sg/Algorithmic-Trading-DMA-Introduction-Strategies/dp/0956399207; https://quantocracy.com/books/,ready_to_annotate,Open annotate.py with this corpus_row after checking content evidence.,462,Algorithmic Trading & DMA,Barry Johnson (analiza finansowa),0.920,yes,curated_top50,9780367748456,no,0,Matched in corpus but not annotated yet.
49,Quantitative Trading,Ernest P. Chan,2008,strategy_systems_and_execution,strategy_design_and_rule_definition; backtesting_and_strategy_validation; system_iteration_and_continuous_improvement; risk_reward_and_expectancy,Goodreads,3.76,774,QuantStart-recommended beginner quant-trading text,Good practical bridge into systematic strategy design and testing,https://www.goodreads.com/book/show/4977694-quantitative-trading; https://www.quantstart.com/articles/Top-5-Essential-Beginner-Books-for-Algorithmic-Trading/,ready_to_annotate,Open annotate.py with this corpus_row after checking content evidence.,463,Quantitative Trading,Ernie Chan,1.000,yes,curated_top50,9780470466261,no,0,Matched in corpus but not annotated yet.
50,Systematic Trading,Robert Carver,2015,strategy_systems_and_execution,strategy_design_and_rule_definition; risk_reward_and_expectancy; position_sizing; system_iteration_and_continuous_improvement; drawdown_management,Goodreads,4.02,266,High specialist rating; systematic-trading practitioner text,"Strong for rule-based process, risk targeting, and systematic portfolio construction",https://www.goodreads.com/book/show/25900953-systematic-trading; https://www.goodreads.com/shelf/show/systematic-trading,ready_to_annotate,Open annotate.py with this corpus_row after checking content evidence.,464,Systematic Trading,Robert Carver,1.000,yes,curated_top50,9780857195005,no,0,Matched in corpus but not annotated yet.
