corpus_row,google_volume_id,title,author,bucket,reason,existing_audit_tier
1,pn1TDwAAQBAJ,Capital Markets Trading and Investment Strategies in China,Xiaojiang Zhang,ALREADY_JUDGED,judge verdict: KEEP_B (keep),KEEP_B
2,GMiiAxZy_t0C,"An Introduction to Trading in the Financial Markets: Trading, Markets, Instruments, and Processes",R. Tee Williams,ALREADY_JUDGED,judge verdict: KEEP_B (keep),KEEP_B
3,41jgAgAAQBAJ,22 Stock Market Trading Secrets,Ashu Dutt,ALREADY_JUDGED,judge verdict: DROP_D (drop),DROP_D
4,cfUKzgEACAAJ,Stock Market Investing,Mark Elder,ALREADY_JUDGED,judge verdict: DROP_D (drop),DROP_D
5,BFBlAQAACAAJ,How Markets Really Work,Larry Connors,ALREADY_JUDGED,judge verdict: KEEP_B (keep),KEEP_B
6,b_MdzgEACAAJ,STOCK MARKET INVESTING and FOREX TRADING FOR BEGINNERS - 6 Books in 1,Warren Ramsey,ALREADY_JUDGED,judge verdict: DROP_D (drop),DROP_D
7,QU2pLmie9SEC,An Introduction to Trading in the Financial Markets: Market Basics,R. Tee Williams,ALREADY_JUDGED,judge verdict: REVIEW_C (review),REVIEW_C
8,teitAAAAQBAJ,Technical Analysis of the Financial Markets,John J. Murphy,AUTO_KEEP,pinned roadmap anchor,KEEP_A
9,27fDXUtmaUYC,Theory of Financial Markets,Jan Mossin,ALREADY_JUDGED,judge verdict: KEEP_A (keep),KEEP_A
10,j744AQAAIAAJ,Yearbook of International Financial and Economic Law 1997,Queen Mary and Westfield College Staff,ALREADY_JUDGED,judge verdict: DROP_D (drop),DROP_D
11,WrCW5SI-T7AC,"Federal Regulatory Directory, 12th Edition","Kenneth Jost, David Masci, Brian Hansen, Mary H Cooper",ALREADY_JUDGED,judge verdict: DROP_D (drop),DROP_D
12,8GF9zgEACAAJ,Investing and Trading Strategies,Dave Robert Warren Graham,ALREADY_JUDGED,judge verdict: DROP_D (drop),DROP_D
13,ch9RAQAAIAAJ,Britain 1995,Great Britain. Central Office of Information,ALREADY_JUDGED,judge verdict: DROP_D (drop),DROP_D
14,s7dTEQAAQBAJ,Mastering Value Investing,Peter Benedikt,ALREADY_JUDGED,judge verdict: DROP_D (drop),DROP_D
15,fj1oEQAAQBAJ,Simple Investing For Smart Kids:,Dean McNeil,ALREADY_JUDGED,judge verdict: DROP_D (drop),DROP_D
16,GlY2pfZGrAkC,Contrarian Investment Strategies in the Next Generation,David Dreman,ALREADY_JUDGED,judge verdict: KEEP_A (keep),KEEP_A
17,9fF3Gn_ZuvMC,Value Stocks beat Growth Stocks: An empirical Analysis for the German Stock Market,Christian Schießl,ALREADY_JUDGED,judge verdict: DROP_D (drop),DROP_D
18,FPWzK0j2KU4C,Value versus Growth - An Empirical Analysis of Equity Fund Managers ́ Capabilities to Generate Alpha,Thomas Müller,ALREADY_JUDGED,judge verdict: DROP_D (drop),DROP_D
19,hgd3__K9cCkC,Value Investing,Martin J. Whitman,ALREADY_JUDGED,judge verdict: KEEP_B (keep),KEEP_B
20,5xdYDb1wD9YC,Fundamentals of Investments,Richard A. Stevenson,ALREADY_JUDGED,judge verdict: REVIEW_C (review),REVIEW_C
21,u9xmEp_FB58C,What Is Value Investing?,Lawrence A. Cunningham,ALREADY_JUDGED,judge verdict: REVIEW_C (review),REVIEW_C
22,_Exwgz9_6oEC,Investor's Library,"Marvin Appel, Harry Domash, Michael N. Kahn CMT",ALREADY_JUDGED,judge verdict: REVIEW_C (review),REVIEW_C
23,60UkDwAAQBAJ,Good Stocks Cheap: Value Investing with Confidence for a Lifetime of Stock Market Outperformance,Kenneth Jeffrey Marshall,ALREADY_JUDGED,judge verdict: KEEP_B (keep),KEEP_B
24,PnK_cQAACAAJ,Fundamental Analysis in Value Investing,Chau Duong,ALREADY_JUDGED,judge verdict: DROP_D (drop),DROP_D
25,Bj9I9EzNZhsC,Investing Online For Dummies,Kathleen Sindell,ALREADY_JUDGED,judge verdict: DROP_D (drop),DROP_D
26,HPHqDwAAQBAJ,Value Investing For Dummies,"Peter J. Sander, Janet Haley",ALREADY_JUDGED,judge verdict: KEEP_B (keep),KEEP_B
27,rPkmNfPEuIYC,Fundamental Analysis,John C. Ritchie,ALREADY_JUDGED,judge verdict: REVIEW_C (review),REVIEW_C
28,XY3pEAAAQBAJ,"The AFIRE Guide to U.S. Real Estate Investing, Fourth Edition: What Global Investors Need to Know about Commercial Real Estate Acquisition, Management, and Disposition",Will McIntosh,ALREADY_JUDGED,judge verdict: KEEP_B (keep),KEEP_B
29,ZQ0QAQAAMAAJ,"Words on Cassette, 2002",R R Bowker Publishing,ALREADY_JUDGED,judge verdict: DROP_D (drop),DROP_D
30,pyeA4Bj3wAgC,The Money Answers Dictionary of Finance and Investment Terms,"John Downes, Jordan Elliot Goodman",ALREADY_JUDGED,judge verdict: KEEP_B (keep),KEEP_B
31,qRakBQAAQBAJ,Private Wealth Mangement 9th Ed (PB),"G. Victor Hallman, Jerry S. Rosenbloom",ALREADY_JUDGED,judge verdict: KEEP_B (keep),KEEP_B
32,sqdmvYZrX3cC,Private Wealth Management: The Complete Reference for the Personal Financial Planner,"G. Victor Hallman, Jerry S. Rosenbloom",ALREADY_JUDGED,judge verdict: KEEP_B (keep),KEEP_B
33,9-1X9wA_bhEC,Teenvestor,"Emmanuel Modu, Andrea Walker",ALREADY_JUDGED,judge verdict: REVIEW_C (review),REVIEW_C
34,DctIxcCoguoC,Kiss Your Stockbroker Goodbye,"John Wells, John G. Wells",ALREADY_JUDGED,judge verdict: KEEP_B (keep),KEEP_B
35,DS-xeZMsAEUC,The Individual Investor's Guide to Winning on Wall Street,Peter J. DeAngelis,ALREADY_JUDGED,judge verdict: DROP_D (drop),DROP_D
36,Z1XT7_Afrk8C,Handbook for No-Load Fund Investors,Sheldon Jacobs,ALREADY_JUDGED,judge verdict: DROP_D (drop),DROP_D
37,0N9-rpe1L4oC,Extra Dividends Supplement to Accompany Fundamentals of Investing,David J. McLaughlin,ALREADY_JUDGED,judge verdict: DROP_D (drop),DROP_D
38,OmaeIdd95EQC,The Art and Science of Technical Analysis,Adam Grimes,AUTO_KEEP,"manual annotation (14 anns, max strength 1.0)",KEEP_A
39,2HpWnQiPqMYC,Intermarket Technical Analysis,John J. Murphy,ALREADY_JUDGED,judge verdict: KEEP_A (keep),KEEP_A
40,3EfBDwAAQBAJ,MIDAS Technical Analysis,"Andrew Coles, David Hawkins",ALREADY_JUDGED,judge verdict: KEEP_B (keep),KEEP_B
41,yeM6viq7fAYC,"Bond and Money Markets: Strategy, Trading, Analysis",Moorad Choudhry,ALREADY_JUDGED,judge verdict: KEEP_A (keep),KEEP_A
42,62-9CgAAQBAJ,Technical Analysis,"Charles D. Kirkpatrick II, Julie R. Dahlquist",AUTO_KEEP,"manual annotation (14 anns, max strength 1.0)",KEEP_A
43,iA0fEAAAQBAJ,Technical Analysis and Stock Market Profits (Harriman Definitive Edition),Richard Schabacker,ALREADY_JUDGED,judge verdict: KEEP_A (keep),KEEP_A
44,hOBhz7i6npcC,New Frontiers in Technical Analysis,Paul Ciana,ALREADY_JUDGED,judge verdict: KEEP_B (keep),KEEP_B
45,y9l5CgAAQBAJ,Trading with Intermarket Analysis,John J. Murphy,ALREADY_JUDGED,judge verdict: KEEP_A (keep),KEEP_A
46,UIxyWFkFJ4QC,Technical Analysis for the Trading Professional,Constance M. Brown,ALREADY_JUDGED,judge verdict: KEEP_B (keep),KEEP_B
47,mP-Kb-R9aKcC,Technical Markets Indicators,"Richard J. Bauer, Julie R. Dahlquist",ALREADY_JUDGED,judge verdict: KEEP_B (keep),KEEP_B
48,_TJKwgEACAAJ,Trading: Technical Analysis Masterclass: Master the Financial Markets,"Moritz Czubatinski, Rolf Schlotmann",ALREADY_JUDGED,judge verdict: KEEP_B (keep),KEEP_B
49,cVJmDwAAQBAJ,Technical Analysis of Stock Trends,"Robert D. Edwards, John Magee, W.H.C. Bassetti",AUTO_KEEP,"manual annotation (14 anns, max strength 1.0)",KEEP_A
50,XLRFDwAAQBAJ,Trader's Guide to Financial Markets and Technical Analysis,Jitender Yadav,ALREADY_JUDGED,judge verdict: REVIEW_C (review),REVIEW_C
51,7HOiDwAAQBAJ,Trading the Markets the Point & Figure way,Prashant Shah,ALREADY_JUDGED,judge verdict: KEEP_B (keep),KEEP_B
52,VIruZ65OADgC,All About Candlestick Charting,Wayne A. Corbitt,ALREADY_JUDGED,judge verdict: KEEP_B (keep),KEEP_B
53,BgjBzwEACAAJ,A Beginner's Guide To Technical Analysis,Three Candles Press,ALREADY_JUDGED,judge verdict: DROP_D (drop),DROP_D
54,Cm7H4m7bqmcC,The Trading Methodologies of W.D. Gann,Hima Reddy,ALREADY_JUDGED,judge verdict: REVIEW_C (review),REVIEW_C
55,YlzcEAAAQBAJ,Beyond Technical Analysis,Tushar S. Chande,ALREADY_JUDGED,judge verdict: KEEP_B (keep),KEEP_B
56,zcFHAeGZDtkC,Mapping the Markets,"Deborah Owen, Robin Griffiths",ALREADY_JUDGED,judge verdict: KEEP_B (keep),KEEP_B
57,OvaWoAEACAAJ,Technical Analysis,Alan Northcott,ALREADY_JUDGED,judge verdict: DROP_D (drop),DROP_D
58,2RZi42MSunkC,1999 Writer's Market,"Mark Garvey, Holm",ALREADY_JUDGED,judge verdict: DROP_D (drop),DROP_D
59,NQ5xDwAAQBAJ,"Mastering the Trade, Third Edition: Proven Techniques for Profiting from Intraday and Swing Trading Setups",John F. Carter,ALREADY_JUDGED,judge verdict: KEEP_B (keep),KEEP_B
60,Ab5PAQAAQBAJ,Trading For Dummies,"Michael Griffis, Lita Epstein",ALREADY_JUDGED,judge verdict: DROP_D (drop),DROP_D
61,2lNpJqsuuqQC,The Market Guys' Five Points for Trading Success,"A. J. Monte, Rick Swope",ALREADY_JUDGED,judge verdict: REVIEW_C (review),REVIEW_C
62,yXXCBwAAQBAJ,Trend Trading For Dummies,Barry Burns,ALREADY_JUDGED,judge verdict: REVIEW_C (review),REVIEW_C
63,_t1MzUWXfs8C,Investments,Mayo,ALREADY_JUDGED,judge verdict: KEEP_B (keep),KEEP_B
64,gOSYCekK5GcC,Technical Analysis of the Currency Market,Boris Schlossberg,ALREADY_JUDGED,judge verdict: KEEP_B (keep),KEEP_B
65,_F3BAwAAQBAJ,Risk Management in Trading,Davis Edwards,ALREADY_JUDGED,judge verdict: KEEP_B (keep),KEEP_B
66,ji3LDwAAQBAJ,Investment Analysis & Portfolio Management,"Frank K. Reilly, Keith C. Brown, Brindha Gunasingham, Asjeet Lamba, Dr Frank Elston",ALREADY_JUDGED,judge verdict: KEEP_B (keep),KEEP_B
67,PbXzAAAAMAAJ,Investing and Risk Management,Robert Lawrence Kuhn,ALREADY_JUDGED,judge verdict: KEEP_B (keep),KEEP_B
68,UwN0AwAAQBAJ,Strategies of Banks and Other Financial Institutions,Rajesh Kumar,ALREADY_JUDGED,judge verdict: KEEP_B (keep),KEEP_B
69,VRyfEK_cVpAC,"Risk, Risk Management and Regulation in the Banking Industry",Peter Pelzer,ALREADY_JUDGED,judge verdict: REVIEW_C (review),REVIEW_C
70,Mjd96ayZ98kC,Quality Money Management,"Andrew Kumiega, Benjamin Van Vliet",ALREADY_JUDGED,judge verdict: KEEP_B (keep),KEEP_B
71,UTD7Rct71JYC,"Trade, Investment and Development: Reaping the Full Benefits of Open Markets",OECD,ALREADY_JUDGED,judge verdict: REVIEW_C (review),REVIEW_C
72,MpbOHizSDVwC,Credit Derivatives,Geoff Chaplin,ALREADY_JUDGED,judge verdict: KEEP_B (keep),KEEP_B
73,jc2SBQAAQBAJ,Investment Risk Management,"Harold Kent Baker, Greg Filbeck",ALREADY_JUDGED,judge verdict: KEEP_B (keep),KEEP_B
74,w-2_DQAAQBAJ,Energy Trading & Investing 2E (PB),Davis W. Edwards,ALREADY_JUDGED,judge verdict: KEEP_B (keep),KEEP_B
75,sD0PNeDmHmgC,The Essentials of Risk Management,"Michel Crouhy, Dan Galai, Robert Mark",ALREADY_JUDGED,judge verdict: KEEP_A (keep),KEEP_A
76,ZkNQEAAAQBAJ,Risk and Money Management for Day and Swing Trading,Wieland Arlt,ALREADY_JUDGED,judge verdict: KEEP_B (keep),KEEP_B
77,aOsCDgAAQBAJ,Real-Time Risk,"Irene Aldridge, Steven Krawciw",ALREADY_JUDGED,judge verdict: KEEP_B (keep),KEEP_B
78,fxdqJjfjV8kC,Credit Derivatives,Geoff Chaplin,ALREADY_JUDGED,judge verdict: KEEP_B (keep),KEEP_B
79,hlDfEAAAQBAJ,Trading Risk,Kenneth L. Grant,ALREADY_JUDGED,judge verdict: KEEP_B (keep),KEEP_B
80,Ot4IEAAAQBAJ,"Portfolio Management in Practice, Volume 1",CFA Institute,ALREADY_JUDGED,judge verdict: KEEP_A (keep),KEEP_A
81,JDjDCAAAQBAJ,Portfolio Management,"John Bonner, Marcus Rees, Edward Ivanovic",ALREADY_JUDGED,judge verdict: REVIEW_C (review),REVIEW_C
82,7_vxEAAAQBAJ,"Portfolio Management in Practice, Volume 2",CFA Institute,ALREADY_JUDGED,judge verdict: KEEP_A (keep),KEEP_A
83,SbIz2gRbrF4C,Pioneering Portfolio Management,David F. Swensen,AUTO_KEEP,"manual annotation (9 anns, max strength 1.0)",KEEP_A
84,QN4IEAAAQBAJ,"Portfolio Management in Practice, Volume 2",CFA Institute,ALREADY_JUDGED,judge verdict: KEEP_A (keep),KEEP_A
85,igZR2oxK-woC,"Mastering the Art of Asset Allocation, Chapter 10 - Sources of Information","CFA Darst, David M.",ALREADY_JUDGED,judge verdict: DROP_D (drop),DROP_D
86,q80oFFsiI3kC,"Asset Allocation, 4th Ed",Roger C. Gibson,ALREADY_JUDGED,judge verdict: KEEP_B (keep),KEEP_B
87,pUilEQAAQBAJ,Managing Your Firm's 401(k) Plan,Matthew X. Smith,ALREADY_JUDGED,judge verdict: KEEP_B (keep),KEEP_B
88,R12JEQAAQBAJ,Modern Fund Management and Sustainable Development of Emerging Financial Markets,Ephraim Matanda,ALREADY_JUDGED,judge verdict: REVIEW_C (review),REVIEW_C
89,kPfrA0qhG4AC,Mastering the Art of Asset Allocation : Comprehensive Approaches to Managing Risk and Optimizing Returns,CFA David M. Darst,ALREADY_JUDGED,judge verdict: KEEP_B (keep),KEEP_B
90,_pZTS-QgMHcC,Global Asset Allocation,"Jess Lederman, Robert A. Klein",ALREADY_JUDGED,judge verdict: KEEP_B (keep),KEEP_B
91,cXsxQ1yzWwsC,Core-Satellite Portfolio Management,J. Clay Singleton,ALREADY_JUDGED,judge verdict: KEEP_B (keep),KEEP_B
92,CWrD8aoKejYC,Streetsmart Guide to Managing Your Portfolio,Frank Yao,ALREADY_JUDGED,judge verdict: KEEP_B (keep),KEEP_B
93,COQoNN7mAnsC,The Theory and Practice of Investment Management,"Frank J. Fabozzi, Harry M. Markowitz",ALREADY_JUDGED,judge verdict: KEEP_A (keep),KEEP_A
94,-JosEQAAQBAJ,Asset Management and Institutional Investors,"Ignazio Basile, Pierpaolo Ferrari",ALREADY_JUDGED,judge verdict: KEEP_B (keep),KEEP_B
95,KcbcDWIgzpQC,Dynamic Portfolio Theory and Management,Richard E. Oberuc,ALREADY_JUDGED,judge verdict: KEEP_B (keep),KEEP_B
96,mFLNUdvuE0kC,Behavioral Investment Management: An Efficient Alternative to Modern Portfolio Theory,"Greg B. Davies, Arnaud de Servigny",ALREADY_JUDGED,judge verdict: KEEP_B (keep),KEEP_B
97,Ozt1OaXe5qwC,The Practical Guide to Practically Everything,"Peter L Bernstein, Peter W. Bernstein, Christopher Ma",ALREADY_JUDGED,judge verdict: DROP_D (drop),DROP_D
98,Q7IzEAAAQBAJ,Asset Allocation,"William Kinlaw, Mark P. Kritzman, David Turkington",ALREADY_JUDGED,judge verdict: KEEP_A (keep),KEEP_A
99,NEgbAQAAMAAJ,Canadian Almanac and Directory 2002,Canadian Almanac & Directory,ALREADY_JUDGED,judge verdict: DROP_D (drop),DROP_D
100,g6iODwAAQBAJ,Portfolio Management,"Scott D. Stewart, Christopher D. Piros, Jeffrey C. Heisler",ALREADY_JUDGED,judge verdict: KEEP_B (keep),KEEP_B
101,fq2CB5YTqssC,Portfolio Management Using Black-Litterman,Henning Padberg,ALREADY_JUDGED,judge verdict: DROP_D (drop),DROP_D
102,L3d9nom4JPsC,Portfolio Management in Practice,Christine Brentani,ALREADY_JUDGED,judge verdict: KEEP_B (keep),KEEP_B
103,z-joAwAAQBAJ,Asset Rotation,Matthew P. Erickson,ALREADY_JUDGED,judge verdict: REVIEW_C (review),REVIEW_C
104,O75mDwAAQBAJ,Advances in the Practice of Public Investment Management,"Narayan Bulusu, Joachim Coche, Alejandro Reveiz, Francisco Rivadeneyra, Vahe Sahakyan, Ghislain Yanou",ALREADY_JUDGED,judge verdict: KEEP_B (keep),KEEP_B
105,yt8wCwAAQBAJ,Buy and Hold is Still Dead (Again),Kenneth R. Solow,ALREADY_JUDGED,judge verdict: KEEP_B (keep),KEEP_B
106,8-xBSh1avUsC,Managing Investment Portfolios,"John L. Maginn, Donald L. Tuttle, Dennis W. McLeavey, Jerald E. Pinto",ALREADY_JUDGED,judge verdict: KEEP_A (keep),KEEP_A
107,rWW8AwAAQBAJ,Asset Management,Andrew Ang,ALREADY_JUDGED,judge verdict: KEEP_A (keep),KEEP_A
108,VEcREAAAQBAJ,Asset Management: Tools And Issues,"Frank J Fabozzi, Francesco A Fabozzi, Marcos Lopez De Prado, Stoyan V Stoyanov",ALREADY_JUDGED,judge verdict: KEEP_B (keep),KEEP_B
109,fjdYDwAAQBAJ,Portfolio Construction for Today's Markets,Russ Koesterich,ALREADY_JUDGED,judge verdict: KEEP_B (keep),KEEP_B
110,zbDmmWWKOkAC,Buy and Hold Is Dead (Again),Kenneth R. Solow,ALREADY_JUDGED,judge verdict: KEEP_B (keep),KEEP_B
111,yVlAb08VCCkC,Global Asset Allocation,"Heinz Zimmermann, Wolfgang Drobetz, Peter Oertmann",ALREADY_JUDGED,judge verdict: KEEP_B (keep),KEEP_B
112,k4zMDgAAQBAJ,A Practitioner's Guide to Asset Allocation,"William Kinlaw, Mark P. Kritzman, David Turkington",ALREADY_JUDGED,judge verdict: KEEP_A (keep),KEEP_A
113,vLWnDwAAQBAJ,Quantitative Management of Bond Portfolios,Lev Dynkin,ALREADY_JUDGED,judge verdict: KEEP_A (keep),KEEP_A
114,aSDkFQtysy8C,Active Portfolio Management: A Quantitative Approach for Producing Superior Returns and Selecting Superior Returns and Controlling Risk,"Richard C. Grinold, Ronald N. Kahn",AUTO_KEEP,"manual annotation (14 anns, max strength 1.0)",KEEP_A
115,loUgCwAAQBAJ,Portfolio Construction and Analytics,"Frank J. Fabozzi, Dessislava A. Pachamanova",ALREADY_JUDGED,judge verdict: KEEP_A (keep),KEEP_A
116,_e1lDwAAQBAJ,Strategic and Tactical Asset Allocation,Henrik Lumholdt,ALREADY_JUDGED,judge verdict: KEEP_B (keep),KEEP_B
117,t1F9DAAAQBAJ,"Quantitative Portfolio Optimisation, Asset Allocation and Risk Management",M. Rasmussen,ALREADY_JUDGED,judge verdict: KEEP_B (keep),KEEP_B
118,1BXZjwEACAAJ,The Endowment Model of Investing,"Martin L. Leibowitz, Anthony Bova, P. Brett Hammond",NEEDS_JUDGE,"no annotation, no verdict yet",
119,LYcqAgAAQBAJ,Portfolio Management under Stress,"Riccardo Rebonato, Alexander Denev",NEEDS_JUDGE,"no annotation, no verdict yet",
120,lInvAQAACAAJ,Forex Traders Psychology. A Behavioral Finance Research Paper,Qais Sbaih,NEEDS_JUDGE,"no annotation, no verdict yet",
121,Zt5CDwAAQBAJ,The Psychology of Successful Trading,Tim Short,NEEDS_JUDGE,"no annotation, no verdict yet",
122,J6On0QEACAAJ,Trading Psychology & Neuroscience,"Brian Dale Babiak, MD",NEEDS_JUDGE,"no annotation, no verdict yet",
123,wB3dCQAAQBAJ,Financial Risk Taking,Mike Elvin,NEEDS_JUDGE,"no annotation, no verdict yet",
124,dq_TEQAAQBAJ,Behavioural Finance,"Sujata Kapoor, Jaya Mamta Prosad",NEEDS_JUDGE,"no annotation, no verdict yet",
125,a296EAAAQBAJ,Trading Psychology For Dummies,Roland Ullrich,NEEDS_JUDGE,"no annotation, no verdict yet",
126,_7zRAgAAQBAJ,Investor Behavior,"H. Kent Baker, Victor Ricciardi",NEEDS_JUDGE,"no annotation, no verdict yet",
127,bLT_DwAAQBAJ,Finance Psychology: How To Begin Thinking Like A Professional Trader (This Workbook About Behavioral Finance Is All You Need To Be Successful In Trading),Forex Investment Lounge,NEEDS_JUDGE,"no annotation, no verdict yet",
128,JmFMvgCm2G8C,The Psychology of Trading,Brett N. Steenbarger,NEEDS_JUDGE,"no annotation, no verdict yet",
129,JETKCQAAQBAJ,The Three Skills of Top Trading,Hank Pruden,NEEDS_JUDGE,"no annotation, no verdict yet",
130,aH_W0QEACAAJ,Psychology of the Stock Market,G C (George Charles) Selden,NEEDS_JUDGE,"no annotation, no verdict yet",
131,iOF6RexINHAC,"Trading Stategies for Capital Markets, Chapter 22 - Psychology and Markets: Behavioral Finance",Joseph Benning,NEEDS_JUDGE,"no annotation, no verdict yet",
132,0vH2zQEACAAJ,BEHAVIORAL FINANCE,Gregor Kaufmann,NEEDS_JUDGE,"no annotation, no verdict yet",
133,ag21rQEACAAJ,"Bridging Trading Psychology, Behavioral Finance and Neurofinance, Towards Becoming a Consistent Profitable Trader",Ciprian Sebastian Turcan,NEEDS_JUDGE,"no annotation, no verdict yet",
134,zZDr-3DRMqcC,Quantitative Trading Strategies,Lars Kestner,NEEDS_JUDGE,"no annotation, no verdict yet",
135,WkrgzgEACAAJ,Trading Behavioural Finance - Money Management and Trading Psychology,David Carli,NEEDS_JUDGE,"no annotation, no verdict yet",
136,vvlcCgAAQBAJ,Trading Psychology 2.0,Brett N. Steenbarger,NEEDS_JUDGE,"no annotation, no verdict yet",
137,KlLNZ6g_pgMC,The Mental Strategies of Top Traders,Ari Kiev,NEEDS_JUDGE,"no annotation, no verdict yet",
138,esdm6ijCSrMC,The Story of Behavioral Finance,"Brandon Adams, Brian Finn",NEEDS_JUDGE,"no annotation, no verdict yet",
139,rIfr3k3EJswC,Streetsmart Guide to Valuing a Stock,"Gary Gray, Patrick Cusatis, J. Randall Woolridge",NEEDS_JUDGE,"no annotation, no verdict yet",
140,OZEKAwAAQBAJ,An Investigation of the “Flash Crash” of 2010 using the principles of behavioral finance,Jovana Paraca,NEEDS_JUDGE,"no annotation, no verdict yet",
141,4QbRAQAAQBAJ,Behavioral Finance and Capital Markets,A. Szyszka,NEEDS_JUDGE,"no annotation, no verdict yet",
142,zOqtEQAAQBAJ,From Human Bias to Machine Intelligence. An Empirical Study on Investor Behaviour and AI-Based Investment Decision Making,S. J. Sanjana,NEEDS_JUDGE,"no annotation, no verdict yet",
143,Sc3wMcq6aO4C,Inside the Investor's Brain,Richard L. Peterson,NEEDS_JUDGE,"no annotation, no verdict yet",
144,_7VZAAAAYAAJ,2003 CFA Level III Candidate Readings,Association for Investment Management and Research,NEEDS_JUDGE,"no annotation, no verdict yet",
145,l46JEAAAQBAJ,"Stocks for the Long Run: The Definitive Guide to Financial Market Returns & Long-Term Investment Strategies, Sixth Edition",Jeremy J. Siegel,AUTO_KEEP,"manual annotation (15 anns, max strength 1.0)",
146,9usJAQAAMAAJ,"Handbook of Finance, Investment Management and Financial Management",Frank J. Fabozzi,NEEDS_JUDGE,"no annotation, no verdict yet",
147,82WIY84Hx-kC,Behavioral Finance,"Edwin T. Burton, Sunit N. Shah",NEEDS_JUDGE,"no annotation, no verdict yet",
148,WNHOEQAAQBAJ,Trading Global Macro Markets,"Dirk Willer, Alex Saunders",NEEDS_JUDGE,"no annotation, no verdict yet",
149,p9sMEAAAQBAJ,Crypto Asset Investing in the Age of Autonomy,Jake Ryan,NEEDS_JUDGE,"no annotation, no verdict yet",
150,Yj0LIWZocugC,The New Investment Superstars,Lois Peltz,NEEDS_JUDGE,"no annotation, no verdict yet",
151,Y3arwUNcUWoC,Real World Macro 24th Edition,"Daniel Fireside, John Miller, Dollars & Sense",NEEDS_JUDGE,"no annotation, no verdict yet",
152,RJiTlGs1NSIC,Real World Macro,Randy Pearl Albelda,NEEDS_JUDGE,"no annotation, no verdict yet",
153,H-qgY68qMc8C,Managing World Economic Change,Robert A. Isaak,NEEDS_JUDGE,"no annotation, no verdict yet",
154,FHKgAwAAQBAJ,Global Macro Trading,Greg Gliner,NEEDS_JUDGE,"no annotation, no verdict yet",
155,H4YpAQAAMAAJ,International Capital Markets,International Monetary Fund,NEEDS_JUDGE,"no annotation, no verdict yet",
156,nVQS2ia3N6MC,Parallel and Distributed Processing and Applications,Yi Pan,NEEDS_JUDGE,"no annotation, no verdict yet",
157,WTiyBSxXmukC,The Encyclopedia of Trading Strategies,"Jeffrey Katz, Donna McCormick",NEEDS_JUDGE,"no annotation, no verdict yet",
158,GoZFNGeHktAC,Building Winning Trading Systems with TradeStation,"George Pruitt, John R. Hill",NEEDS_JUDGE,"no annotation, no verdict yet",
159,yUaFVfvU2-cC,"High-Probability Trading, Chapter 13 - A Little about Backtesting",Marcel Link,NEEDS_JUDGE,"no annotation, no verdict yet",
160,4igizlbY-T8C,The Individual Investor's Guide to Computerized Investing,American Association of Individual Investors,NEEDS_JUDGE,"no annotation, no verdict yet",
161,_TxWa7OQNOEC,Mastering Trade Selection and Management: Advanced Strategies for Long-Term Profitability,"Jay Norris, Al Gaskill",NEEDS_JUDGE,"no annotation, no verdict yet",
162,dTmr94EhEoUC,Tradings Systems That Work: Building and Evaluating Effective Trading Systems,Thomas Stridsman,NEEDS_JUDGE,"no annotation, no verdict yet",
163,ZGbTV69f-koC,Trading Strategies for Direct Access Trading,Robert Sales,NEEDS_JUDGE,"no annotation, no verdict yet",
164,zYMwAi5ZfhQC,Individual Investor's Guide to Computerized Investing,"American Association of Individual Investors, Amer",NEEDS_JUDGE,"no annotation, no verdict yet",
165,GHG3p6H8XXsC,All About Stock Market Strategies,"David Brown, Kassandra Bentley",NEEDS_JUDGE,"no annotation, no verdict yet",
166,I2Qe26bkXpgC,"High-Probability Trading, Chapter 10 - Making the High Probability Trades",Marcel Link,NEEDS_JUDGE,"no annotation, no verdict yet",
167,PJUua8Z1SHAC,All About Market Timing,Leslie Masonson,NEEDS_JUDGE,"no annotation, no verdict yet",
168,enB5DwAAQBAJ,Trend Trading for a Living (PB),Thomas K. Carr,NEEDS_JUDGE,"no annotation, no verdict yet",
169,vmsKEqZkFBYC,Managing a Hedge Fund,Keith H. Black,NEEDS_JUDGE,"no annotation, no verdict yet",
170,QTgfnM_ylxYC,Successful Investing with Fidelity Funds,Jack Bowers,NEEDS_JUDGE,"no annotation, no verdict yet",
171,FlR3oYhlwb4C,Momentum Stock Selection: Using The Momentum Method For Maximum Profits,Jake Bernstein,NEEDS_JUDGE,"no annotation, no verdict yet",
172,Lh7YHl9yiAYC,Building Reliable Trading Systems,Keith Fitschen,NEEDS_JUDGE,"no annotation, no verdict yet",
173,UhGUzQEACAAJ,The Book of Back-tests,Sofien Kaabar,NEEDS_JUDGE,"no annotation, no verdict yet",
174,du5qDwAAQBAJ,CFA Program Curriculum 2019 Level III Volumes 1-6 Box Set,CFA Institute,NEEDS_JUDGE,"no annotation, no verdict yet",
175,ZHW7DwAAQBAJ,Applications of Computational Intelligence in Data-Driven Trading,Cris Doloc,NEEDS_JUDGE,"no annotation, no verdict yet",
176,Yr0aZdSQA2kC,Managing Investment Portfolios,"John L. Maginn, Donald L. Tuttle, Dennis W. McLeavey, Jerald E. Pinto",NEEDS_JUDGE,"no annotation, no verdict yet",
177,kR1wAAAAQBAJ,Market Microstructure in Emerging and Developed Markets,"H. Kent Baker, Halil Kiymaz",NEEDS_JUDGE,"no annotation, no verdict yet",
178,jyv8EAAAQBAJ,C++ High Performance for Financial Systems,Ariel Silahian,NEEDS_JUDGE,"no annotation, no verdict yet",
179,OCY60QEACAAJ,Market Microstructure and Algorithmic Trading,Venice Trex,NEEDS_JUDGE,"no annotation, no verdict yet",
180,-uxaAAAAYAAJ,The Microstructure of Financial Derivatives Markets,"Brenda González-Hermosillo, Bank of Canada",NEEDS_JUDGE,"no annotation, no verdict yet",
181,6l0DDQAAQBAJ,High-Frequency Trading,Irene Aldridge,NEEDS_JUDGE,"no annotation, no verdict yet",
182,RR2m9vsSqboC,Market Microstructure,"Frédéric Abergel, Jean-Philippe Bouchaud, Thierry Foucault, Charles-Albert Lehalle, Mathieu Rosenbaum",NEEDS_JUDGE,"no annotation, no verdict yet",
183,EuU2CwAAQBAJ,The Role of Market-Maker/Dealer Inventories in the Price Formation Process,Evelyn Rill,NEEDS_JUDGE,"no annotation, no verdict yet",
184,RzOIDwAAQBAJ,Lecture Notes In Market Microstructure And Trading,Peter Joakim Westerholm,NEEDS_JUDGE,"no annotation, no verdict yet",
185,ZfQJAQAAMAAJ,Encyclopedia of Business Ethics and Society,Robert W. Kolb,NEEDS_JUDGE,"no annotation, no verdict yet",
186,S_0GEQAAQBAJ,Financial Statement Analysis for Value Investing,"Stephen Penman, Peter F. Pope",NEEDS_JUDGE,"no annotation, no verdict yet",
187,_aN7swEACAAJ,Financial Statement Analysis,Andrew P. C.,NEEDS_JUDGE,"no annotation, no verdict yet",
188,te4FEQAAQBAJ,Investment Analysis and Portfolio Management,"Dr.Girija Nandini, Dr.Pramod Kumar Patjoshi",NEEDS_JUDGE,"no annotation, no verdict yet",
189,IlizCgAAQBAJ,Quantitative Investment Analysis,"Richard A. DeFusco, Dennis W. McLeavey, Jerald E. Pinto, David E. Runkle, Mark J. P. Anson",NEEDS_JUDGE,"no annotation, no verdict yet",
190,2cl6EAAAQBAJ,Financial Statement Analysis,"Martin S. Fridson, Fernando Alvarez",NEEDS_JUDGE,"no annotation, no verdict yet",
191,UUeaAAAAQBAJ,Financial Statement Analysis,"Martin S. Fridson, Fernando Alvarez",NEEDS_JUDGE,"no annotation, no verdict yet",
192,B_wwBgAAQBAJ,International Financial Statement Analysis,"Thomas R. Robinson, Elaine Henry, Wendy L. Pirie, Michael A. Broihahn",AUTO_KEEP,"manual annotation (8 anns, max strength 1.0)",
193,w5JR5o6QGI4C,Financial Reporting and Analysis,Lawrence Revsine,NEEDS_JUDGE,"no annotation, no verdict yet",
194,8cAiAwAAQBAJ,Asian Financial Statement Analysis,"ChinHwee Tan, Thomas R. Robinson",NEEDS_JUDGE,"no annotation, no verdict yet",
195,Nya7Nls60RgC,Investment Analysis & Portfolio Selection,"Herbert E. Phillips, John C. Ritchie",NEEDS_JUDGE,"no annotation, no verdict yet",
196,hWXHTSkKsVEC,International Financial Statement Analysis,"Thomas R. Robinson, Hennie van Greuning, CFA, Elaine Henry, Michael A. Broihahn",NEEDS_JUDGE,"no annotation, no verdict yet",
197,7_krPwAACAAJ,Financial Statement Analysis and Security Valuation,Stephen Penman,NEEDS_JUDGE,"no annotation, no verdict yet",
198,M4GzEAAAQBAJ,Fundamental Analysis For Dummies,Matthew Krantz,NEEDS_JUDGE,"no annotation, no verdict yet",
199,K6t3q8sVcocC,Financial and Management Accounting,"Diamond, Hansen",NEEDS_JUDGE,"no annotation, no verdict yet",
200,u7IYEQAAQBAJ,High-Performance Algorithmic Trading Using AI,Melick R. Baranasooriya,NEEDS_JUDGE,"no annotation, no verdict yet",
201,PUXxAAAAQBAJ,Professional Automated Trading,Eugene A. Durenard,NEEDS_JUDGE,"no annotation, no verdict yet",
202,MqlMEQAAQBAJ,The Evolution of On-Chain Trading,Dwayne Anderson,NEEDS_JUDGE,"no annotation, no verdict yet",
203,KUq7EQAAQBAJ,Treasury Bond Futures and Options,"Owain Johnson, Eric Leininger, Jonathan Kronstein, Agha Mirza",NEEDS_JUDGE,"no annotation, no verdict yet",
204,F-7hM6Fc36AC,Breaking the Black Box,Martin J. Pring,NEEDS_JUDGE,"no annotation, no verdict yet",
205,tkj7zGTNlmEC,All About Technical Analysis,Constance M. Brown,NEEDS_JUDGE,"no annotation, no verdict yet",
206,RLDa-quGM8MC,Secrets of the SOES Bandit,"Harvey I. Houtkin, David Waldman",NEEDS_JUDGE,"no annotation, no verdict yet",
207,5z3BDgAAQBAJ,Currency Kings: How Billionaire Traders Made their Fortune Trading Forex and How You Can Too,Ben Robson,NEEDS_JUDGE,"no annotation, no verdict yet",
208,e9Fx3qMbt48C,The Trading Systems Toolkit,Joe Krutsinger,NEEDS_JUDGE,"no annotation, no verdict yet",
209,yxHOYMzHTUYC,Mastering Futures Trading,Bo Yoder,NEEDS_JUDGE,"no annotation, no verdict yet",
210,sAm7AAAAIAAJ,International Directory of Company Histories,"Tina Grant, Thomas Derdak",NEEDS_JUDGE,"no annotation, no verdict yet",
211,LmnU0QEACAAJ,Algorithmic FX & Currency Trading with Python,"Vincent Bisette, James Preston",NEEDS_JUDGE,"no annotation, no verdict yet",
212,ySLJEQAAQBAJ,Zero-Fee Illusion,Ada T. Thornhill,NEEDS_JUDGE,"no annotation, no verdict yet",
213,tNjEK17eth4C,Strategic Trading in Illiquid Markets,Burkart Mönch,NEEDS_JUDGE,"no annotation, no verdict yet",
214,c97m0QEACAAJ,The Structural Trading Constitution,Donovan Sandifer,NEEDS_JUDGE,"no annotation, no verdict yet",
215,R05zEQAAQBAJ,The Liquidity Blueprint,Ishan Saraf,NEEDS_JUDGE,"no annotation, no verdict yet",
216,N1eGEQAAQBAJ,"The Hidden Cost Trap: Uncovering Fees, Spreads, and Slippage—and the Simple Strategies to Keep More of Your Money",Quentin Ashbourne,NEEDS_JUDGE,"no annotation, no verdict yet",
217,OAib0QEACAAJ,Market Microstructure & High-Frequency Trading,"Hayden Van Der Post, James Preston",NEEDS_JUDGE,"no annotation, no verdict yet",
218,ypHi0QEACAAJ,Architecting AI Forex Trading Systems,Konstantin Titov,NEEDS_JUDGE,"no annotation, no verdict yet",
219,dcqv0QEACAAJ,Reinforcement Learning for Live Market Execution,Sterling Whitmore,NEEDS_JUDGE,"no annotation, no verdict yet",
220,urS70QEACAAJ,Execution Intelligence,James Preston,NEEDS_JUDGE,"no annotation, no verdict yet",
221,kIPd0QEACAAJ,Nonlinear Risk Systems,James Preston,NEEDS_JUDGE,"no annotation, no verdict yet",
222,yrFbEAAAQBAJ,Trading and Investing for Beginners,Rubén Villahermosa,NEEDS_JUDGE,"no annotation, no verdict yet",
223,e_G4AAAAIAAJ,Financial Market Liberalization,Olin Lewis Wethington,NEEDS_JUDGE,"no annotation, no verdict yet",
224,skQUAQAAMAAJ,Protecting Shareholder Value,Abraham M. George,NEEDS_JUDGE,"no annotation, no verdict yet",
225,oG0uAQAAIAAJ,Towards Harmonious Society,Alfred Aisedionlen,NEEDS_JUDGE,"no annotation, no verdict yet",
226,UMcPs3gyA6oC,Impact of the COVID-19 Pandemic on Trade and Development,United Nations Publications,NEEDS_JUDGE,"no annotation, no verdict yet",
227,5E0nAQAAIAAJ,"American Book Publishing Record Cumulative, 1876-1949",R.R. Bowker Company. Department of Bibliography,NEEDS_JUDGE,"no annotation, no verdict yet",
228,1-YEAQAAIAAJ,Basics of Multilateral Institutions and Multinational Organizations,G. Gregory Letterman,NEEDS_JUDGE,"no annotation, no verdict yet",
229,XZSPvoEQMCMC,Monetary Policy in the Countries of the European Economic Community,European Economic Community. Monetary Committee,NEEDS_JUDGE,"no annotation, no verdict yet",
230,r2ymAAAAIAAJ,European Monetary Union,Georges Caravelis,NEEDS_JUDGE,"no annotation, no verdict yet",
231,KerLEQAAQBAJ,Value Investing: A Guide for Individual Investors,Miguel A. Muñoz,NEEDS_JUDGE,"no annotation, no verdict yet",
232,rRH9EAAAQBAJ,"Value Investing Essentials: Principles, Strategies, and Insights",Abhishek Parihar,NEEDS_JUDGE,"no annotation, no verdict yet",
233,leX6EAAAQBAJ,Stock Market Investing Course,Brian Smith,NEEDS_JUDGE,"no annotation, no verdict yet",
234,NaMQEQAAQBAJ,Mastering Stock Market Investing: From History to Strategy,HECTOR J. M,NEEDS_JUDGE,"no annotation, no verdict yet",
235,7QVFAAAAYAAJ,Fundamentals of Investment Management,"Geoffrey A. Hirt, Stanley B. Block",NEEDS_JUDGE,"no annotation, no verdict yet",
236,TnoeAQAAIAAJ,Fundamentals of Investments,"Gordon J. Alexander, William F. Sharpe, Jeffery V. Bailey",NEEDS_JUDGE,"no annotation, no verdict yet",
237,ctoTAQAAIAAJ,Investing in the Nigerian Capital Market,Suleiman Akwu-Odo Salihu Aruwa,NEEDS_JUDGE,"no annotation, no verdict yet",
238,qKBzRDHHD2IC,Valuing Financial Institutions,Z. Christopher Mercer,NEEDS_JUDGE,"no annotation, no verdict yet",
239,OugJAQAAMAAJ,Electronic Swing Trading for Maximum Profit,Misha T. Sarkovich,NEEDS_JUDGE,"no annotation, no verdict yet",
240,SGYPAQAAMAAJ,Practical Investment Management,Robert A. Strong,NEEDS_JUDGE,"no annotation, no verdict yet",
241,3OAJAQAAMAAJ,Active Asset Allocation,"Walter R. Good, Jack R. Meyer",NEEDS_JUDGE,"no annotation, no verdict yet",
242,FvwJAQAAMAAJ,Investing with Exchange-Traded Funds Made Easy,Marvin Appel,NEEDS_JUDGE,"no annotation, no verdict yet",
243,gk4UAQAAMAAJ,Value Investing Today,Charles H. Brandes,NEEDS_JUDGE,"no annotation, no verdict yet",
244,vna3AAAAIAAJ,Investment Banking and Investment Opportunities in China,K. Thomas Liaw,NEEDS_JUDGE,"no annotation, no verdict yet",
245,QouyAAAAIAAJ,Finance and Investment Handbook,"John Downes, Jordan Elliot Goodman",NEEDS_JUDGE,"no annotation, no verdict yet",
246,KIsrAQAAMAAJ,The Intelligent Guide to Stock Market Investment,"Kevin Keasey, Robert Hudson, Kevin Littler",NEEDS_JUDGE,"no annotation, no verdict yet",
247,g21aAAAAYAAJ,Value Investing with the Masters,Kirk Kazanjian,NEEDS_JUDGE,"no annotation, no verdict yet",
248,a20PAQAAMAAJ,"Financial Institutions, Investments, and Management",Herbert B. Mayo,NEEDS_JUDGE,"no annotation, no verdict yet",
249,GeYJAQAAMAAJ,"Investing with the Insiders, Legally","Aaron B. Feigen, Donald James Christensen",NEEDS_JUDGE,"no annotation, no verdict yet",
250,su0JAQAAMAAJ,The Psychology of Electronic Trading,Brendon C. W. Seeto,NEEDS_JUDGE,"no annotation, no verdict yet",
251,gxsWAQAAMAAJ,British Financial Markets and Institutions,"Jenifer Piesse, K. V. Peasnell, Charles W. R. Ward",NEEDS_JUDGE,"no annotation, no verdict yet",
252,sgVDAAAAIAAJ,Fundamentals of Investment,Samuel O. Rice,NEEDS_JUDGE,"no annotation, no verdict yet",
253,JlLtAAAAMAAJ,The Pension Plan Investor,Daniel M. Kehrer,NEEDS_JUDGE,"no annotation, no verdict yet",
254,AyAjCpE6G04C,Technical Analysis of the Futures Markets,John J. Murphy,NEEDS_JUDGE,"no annotation, no verdict yet",
255,yQwwBwAAQBAJ,Technical Analysis Of Stock Market For Beginners,Stock Market Guru,NEEDS_JUDGE,"no annotation, no verdict yet",
256,ZRzJoUYAYFoC,The Day Trader's Manual,William F. Eng,NEEDS_JUDGE,"no annotation, no verdict yet",
257,zlAUAQAAMAAJ,Jake Bernstein's Facts on Futures,Jacob Bernstein,NEEDS_JUDGE,"no annotation, no verdict yet",
258,3tgpAQAAMAAJ,How the Average Investor Can Use Technical Analysis for Stock Profits,James Dines,NEEDS_JUDGE,"no annotation, no verdict yet",
259,x9SwAAAAIAAJ,International Money and Foreign Exchange Markets,Julian Walmsley,NEEDS_JUDGE,"no annotation, no verdict yet",
260,N6CxAAAAIAAJ,The Valuation of Shares and the Efficient-markets Theory,Michael Arthur Firth,NEEDS_JUDGE,"no annotation, no verdict yet",
261,9FGyAAAAIAAJ,How Well Do Foreign Exchange Markets Function,Jeffrey A. Frankel,NEEDS_JUDGE,"no annotation, no verdict yet",
262,XYYhzUWOs78C,Booms and busts,James Ciment,NEEDS_JUDGE,"no annotation, no verdict yet",
263,UdbBAAAAIAAJ,Behavioral Finance,"Joachim Goldberg, Rüdiger von Nitzsch",NEEDS_JUDGE,"no annotation, no verdict yet",
264,7583AAAAMAAJ,"Writer's Market, 1997",Kirsten C. Holm,NEEDS_JUDGE,"no annotation, no verdict yet",
265,0UIUAQAAMAAJ,Timing the Market,Curtis M. Arnold,NEEDS_JUDGE,"no annotation, no verdict yet",
266,WrwWvgL1YRkC,The Corporation Trust Company's Federal Trade Commission Service: Docket of complaints; Stipulations,Corporation Trust Company,NEEDS_JUDGE,"no annotation, no verdict yet",
267,BJUpAQAAMAAJ,Financial Futures,"Carroll R. Melton, Terry Vance Pukula",NEEDS_JUDGE,"no annotation, no verdict yet",
268,Iw5BDwAAQBAJ,Risk Management for Forex Trading Beginners,J.R. Bosanko,NEEDS_JUDGE,"no annotation, no verdict yet",
269,rvMJAQAAMAAJ,Global Investment Risk Management,Ezra Zask,NEEDS_JUDGE,"no annotation, no verdict yet",
270,nYZFDwAAQBAJ,Risk Management for Forex Trading Beginners,Jose Pecunia,NEEDS_JUDGE,"no annotation, no verdict yet",
271,nGrsAAAAMAAJ,Economic Review,Federal Reserve Bank of Atlanta,NEEDS_JUDGE,"no annotation, no verdict yet",
272,t1IPAQAAMAAJ,Financial Engineering,John Francis Marshall,NEEDS_JUDGE,"no annotation, no verdict yet",
273,QXnsAAAAMAAJ,Chasing Alpha,Philip Augar,NEEDS_JUDGE,"no annotation, no verdict yet",
274,LxsWAQAAMAAJ,The Current State of Business Disciplines: Finance,Shri Bhagwan Dahiya,NEEDS_JUDGE,"no annotation, no verdict yet",
275,pdvm-2qT2hIC,Report of the Trade and Development Board ...,United Nations Conference on Trade and Development. Trade and Development Board,NEEDS_JUDGE,"no annotation, no verdict yet",
276,gaoYNaEUGm0C,The Internet Investor,J. Timothy Maude,NEEDS_JUDGE,"no annotation, no verdict yet",
277,DmEPAQAAMAAJ,Behavioral Finance,Hersh Shefrin,NEEDS_JUDGE,"no annotation, no verdict yet",
278,CZQMoJbYfn4C,Annual Report,Suomen Pankki,NEEDS_JUDGE,"no annotation, no verdict yet",
279,Vqjfnk0pf2kC,Planning Your First International Investment Trip,Canada. Department of Foreign Affairs and International Trade. Investment Marketing Division,NEEDS_JUDGE,"no annotation, no verdict yet",
280,QyVFAAAAYAAJ,Forest Carbon and Local Livelihoods,"Joyotee Smith, Sara J. Scherr",NEEDS_JUDGE,"no annotation, no verdict yet",
281,uBYWAQAAMAAJ,Proceedings of the Insurance Accounting and Systems Association,Insurance Accounting and Systems Association,NEEDS_JUDGE,"no annotation, no verdict yet",
282,vMJLAAAAYAAJ,The Redemption of Labour,Cecil Balfour Phipson,NEEDS_JUDGE,"no annotation, no verdict yet",
283,jH5AAQAAIAAJ,Takeovers and Freezeouts,"Martin Lipton, Erica H. Steinberger",NEEDS_JUDGE,"no annotation, no verdict yet",
284,WKowAQAAMAAJ,The New Science of Asset Allocation,Warren E. Bitters,NEEDS_JUDGE,"no annotation, no verdict yet",
285,pyIUAQAAMAAJ,Managing Pension Funds in a Volatile Environment,Patrick J. Davey,NEEDS_JUDGE,"no annotation, no verdict yet",
286,Iv0gqPfGTq4C,Annual Report,Hong Kong Monetary Authority,NEEDS_JUDGE,"no annotation, no verdict yet",
287,aqPXEQAAQBAJ,Trading Psychology and Decision Making,Chism Faustino,NEEDS_JUDGE,"no annotation, no verdict yet",
288,Z0yBEQAAQBAJ,Trading Psychology: Mastering Your Mind in the Crypto Markets,Rozan Spirit,NEEDS_JUDGE,"no annotation, no verdict yet",
289,0M7m5EhDRFsC,Three Essays on Behavioral Finance,Gabriele M. Lepori,NEEDS_JUDGE,"no annotation, no verdict yet",
290,1KdHAAAAYAAJ,Psychological Traits and Trading Strategies,Bruno Biais,NEEDS_JUDGE,"no annotation, no verdict yet",
291,_yw-AQAAIAAJ,Insider Trading,"William K. S. Wang, Marc I. Steinberg",NEEDS_JUDGE,"no annotation, no verdict yet",
292,FnwrAQAAMAAJ,Counterintuitive Investing,Harlan D. Platt,NEEDS_JUDGE,"no annotation, no verdict yet",
293,_mlaAAAAYAAJ,Technical Analysis,"Charles D. Kirkpatrick, Julie R. Dahlquist",NEEDS_JUDGE,"no annotation, no verdict yet",
294,CUQSAQAAIAAJ,Social Simulation,"Bruce Edmonds, Cesareo Hernandez, Klaus G. Troitzsch",NEEDS_JUDGE,"no annotation, no verdict yet",
295,gaaZAAAAIAAJ,Pioneers of Financial Economics: Twentieth-century contributions,"Geoffrey Poitras, Franck Jovanovic",NEEDS_JUDGE,"no annotation, no verdict yet",
296,79s-AQAAIAAJ,Securities Regulation,"John C. Coffee, Hillary A. Sale",NEEDS_JUDGE,"no annotation, no verdict yet",
297,EM5XAAAAYAAJ,The Psychology of Investing,John R. Nofsinger,NEEDS_JUDGE,"no annotation, no verdict yet",
298,Dk1xwkeqGI8C,"A THEORY OF OVERCONFIDENCE, SELF-ATTRIBUTIONS AND SECURITY MARKET UNDER- AND OVERRACTIONS",KENT DANIEL,NEEDS_JUDGE,"no annotation, no verdict yet",
299,EB9JAAAAYAAJ,Cornell University Courses of Study,Cornell University,NEEDS_JUDGE,"no annotation, no verdict yet",
300,C_YJAQAAMAAJ,From Early Warning Systems to Asset Managers' Behavior,Daniela Beckmann,NEEDS_JUDGE,"no annotation, no verdict yet",
301,kQdFAAAAYAAJ,Investments,"Frank K. Reilly, Edgar Norton",NEEDS_JUDGE,"no annotation, no verdict yet",
302,25qyAAAAIAAJ,Dictionary of Finance and Investment Terms,"John Downes, Jordan Elliot Goodman",NEEDS_JUDGE,"no annotation, no verdict yet",
303,O-zrAAAAMAAJ,Investment Cycles in Capitalist Economies,Jerry Courvisanos,NEEDS_JUDGE,"no annotation, no verdict yet",
304,Y1Y-gTPm0AMC,Comprehensive Annual Financial Report,Fire and Police Pension Association of Colorado,NEEDS_JUDGE,"no annotation, no verdict yet",
305,hnerUBxF0esC,Forbes,Bertie Charles Forbes,NEEDS_JUDGE,"no annotation, no verdict yet",
306,ko626Pmb70cC,International Journal of Production Economics,Elsevier,NEEDS_JUDGE,"no annotation, no verdict yet",
307,duUJAQAAMAAJ,A Practical Guide to Sovereign Wealth Funds,Adnan Hassan,NEEDS_JUDGE,"no annotation, no verdict yet",
308,FSG3AAAAIAAJ,"Banking, Financial Integration, and International Crises","Leonardo Hernández, Klaus Schmidt-Hebbel",NEEDS_JUDGE,"no annotation, no verdict yet",
309,GIUnAQAAIAAJ,International Handbook of Development Economics,"Amitava Krishna Dutt, Jaime Ros",NEEDS_JUDGE,"no annotation, no verdict yet",
310,KV2SuNO1r8AC,Catalog,University of Colorado Boulder,NEEDS_JUDGE,"no annotation, no verdict yet",
311,PKn6aOHVBgMC,Congressional Record,United States. Congress,NEEDS_JUDGE,"no annotation, no verdict yet",
312,PlnIUbpCi6gC,Access Register,Canada,NEEDS_JUDGE,"no annotation, no verdict yet",
313,jEyyAAAAIAAJ,International Trade and Business Cycles,Marianne Baxter,NEEDS_JUDGE,"no annotation, no verdict yet",
314,sX63AAAAIAAJ,World Economic Interdependence and the Evolving North-South Relationship,Organisation for Economic Co-operation and Development,NEEDS_JUDGE,"no annotation, no verdict yet",
315,YyRZAAAAYAAJ,Surplus Capacity in the International Metals Industry,"John Cordes, Thomas F. Torries",NEEDS_JUDGE,"no annotation, no verdict yet",
316,R8nxAAAAMAAJ,Trustee Investment Strategy for Endowments and Foundations,Chris Russell,NEEDS_JUDGE,"no annotation, no verdict yet",
317,OJjwAAAAMAAJ,Rekindling Investment for Economic Development in Nigeria,Nigerian Economic Society. Annual Conference,NEEDS_JUDGE,"no annotation, no verdict yet",
318,s9Y3AQAAIAAJ,Aanwinsten van de Centrale Bibliotheek (Queteletfonds),Bibliothèque centrale (Fonds Quetelet),NEEDS_JUDGE,"no annotation, no verdict yet",
319,aRxqslpQs5EC,Index to Overhead Transparencies,National Information Center for Educational Media,NEEDS_JUDGE,"no annotation, no verdict yet",
320,fpJYAAAAYAAJ,Index to Educational Overhead Transparencies,National Information Center for Educational Media,NEEDS_JUDGE,"no annotation, no verdict yet",
321,W1cdAQAAMAAJ,Transactions Costs and Internal Labor Markets,Sherwin Rosen,NEEDS_JUDGE,"no annotation, no verdict yet",
322,QpxUcdX9rK0C,Tax Neutrality and Intangible Capital,"Don Fullerton, Andrew B. Lyon",NEEDS_JUDGE,"no annotation, no verdict yet",
323,wWZZAAAAYAAJ,Contraction and Expansion,Richard Barry Freeman,NEEDS_JUDGE,"no annotation, no verdict yet",
324,KWFHAQAAIAAJ,Can States Stop Corporate Takeovers?,Sharon Pamepinto,NEEDS_JUDGE,"no annotation, no verdict yet",
325,IicNAQAAMAAJ,The Parliamentary Debates (Hansard).,Great Britain. Parliament. House of Lords,NEEDS_JUDGE,"no annotation, no verdict yet",
326,bSAuAAAAMAAJ,Marketing and Economic Development,"James E. Littlefield, Magdolna Csath",NEEDS_JUDGE,"no annotation, no verdict yet",
327,tbiAEQAAQBAJ,Python for Automated Trading Systems,J.P.Morgan,NEEDS_JUDGE,"no annotation, no verdict yet",
328,0eYJAQAAMAAJ,Strategic Futures Trading,Jacob Bernstein,NEEDS_JUDGE,"no annotation, no verdict yet",
329,JdgpAQAAMAAJ,Computerized Trading,Mark Jurik,NEEDS_JUDGE,"no annotation, no verdict yet",
330,mtoJAQAAMAAJ,Electronic Currency Trading for Maximum Profit,"Keith Long, Kurt Walter",NEEDS_JUDGE,"no annotation, no verdict yet",
331,U4kiAQAAMAAJ,The Compleat Day-trader,Jacob Bernstein,NEEDS_JUDGE,"no annotation, no verdict yet",
332,0o0WAQAAMAAJ,The C.F.A. Digest,Institute of Chartered Financial Analysts,NEEDS_JUDGE,"no annotation, no verdict yet",
333,Uu4JAQAAMAAJ,What Works in Online Trading,Mark Etzkorn,NEEDS_JUDGE,"no annotation, no verdict yet",
334,BM8QAQAAMAAJ,Getting More Out of TIAA-CREF,John J. Harrigan,NEEDS_JUDGE,"no annotation, no verdict yet",
335,gnVaAAAAYAAJ,The Austrian Financial Markets,Wolfgang Müller,NEEDS_JUDGE,"no annotation, no verdict yet",
336,P9IJAQAAMAAJ,How to Select Top-performing Mutual Fund Investments,"Aaron H. Coleman, David H. Coleman",NEEDS_JUDGE,"no annotation, no verdict yet",
337,j-QbAQAAMAAJ,Emerging Governance Practices in Enterprise Risk Management,Matteo Tonello,NEEDS_JUDGE,"no annotation, no verdict yet",
338,VM6RAAAAIAAJ,Annual Report,Mitsubishi Tōkyō Fainansharu Gurūpu,NEEDS_JUDGE,"no annotation, no verdict yet",
339,0W9aAAAAYAAJ,INFORMS Annual Meeting,Institute for Operations Research and the Management Sciences. National Meeting,NEEDS_JUDGE,"no annotation, no verdict yet",
340,6GNaAAAAYAAJ,Consultants and Consulting Organizations Directory,Janice W. McLean,NEEDS_JUDGE,"no annotation, no verdict yet",
341,GgIrEQAAQBAJ,Building Algorithmic Trading Systems,William Johnson,NEEDS_JUDGE,"no annotation, no verdict yet",
342,QY0qEQAAQBAJ,Financial Econometrics,William Johnson,NEEDS_JUDGE,"no annotation, no verdict yet",
343,nuoJAQAAMAAJ,Continuous-time Methods and Market Microstructure,Andrew Wen-Chuan Lo,NEEDS_JUDGE,"no annotation, no verdict yet",
344,Hju3AAAAIAAJ,Market Microstructure and Market Liquidity,"Jun Muranaga, Tokiko Shimizu",NEEDS_JUDGE,"no annotation, no verdict yet",
345,Wa4-rpTArC0C,Econometric Models of Limit-order Executions,"Andrew Wen-Chuan Lo, Archie Craig MacKinlay, June Zhang",NEEDS_JUDGE,"no annotation, no verdict yet",
346,TDu3AAAAIAAJ,Expectations and Market Microstructure when Liquidity is Lost,"Jun Muranaga, Tokiko Shimizu",NEEDS_JUDGE,"no annotation, no verdict yet",
347,0i0-AQAAIAAJ,The Law and Economics of Best Execution,Jonathan R. Macey,NEEDS_JUDGE,"no annotation, no verdict yet",
348,U19JS5EWBA4C,The Microstructure of Securities Markets,Kalman J. Cohen,NEEDS_JUDGE,"no annotation, no verdict yet",
349,kMfvaoBR7CgC,The Flow of Information in Financial Markets,Allan A. Zebedee,NEEDS_JUDGE,"no annotation, no verdict yet",
350,mTsojU123lMC,Journal of Financial Economics,"Graduate School of Management, Harvard University, University of Rochester",NEEDS_JUDGE,"no annotation, no verdict yet",
351,5vPukh99wHkC,An Intraday Analysis of Stock Market Liquidity,Joe Lange,NEEDS_JUDGE,"no annotation, no verdict yet",
352,JlBJAAAAYAAJ,Transaction Costs and Institutional Investor Trading Strategies,"Robert Alan Schwartz, David K. Whitcomb",NEEDS_JUDGE,"no annotation, no verdict yet",
353,-B5NAQAAMAAJ,"An Analysis of Market Organization, Order Strategy and Market Quality",Gail Michele Belonsky,NEEDS_JUDGE,"no annotation, no verdict yet",
354,brAsAQAAIAAJ,Financial Futures and Options Markets,Robert T. Daigler,NEEDS_JUDGE,"no annotation, no verdict yet",
355,mDLHDRtFVEgC,Effects of Trading Halt System on Market Functioning,"Jun Muranaga, Tokiko Shimizu",NEEDS_JUDGE,"no annotation, no verdict yet",
356,78EiAQAAMAAJ,An Ordered Probit Analysis of Transaction Stock Prices,"Jerry A. Hausman, Andrew Wen-Chuan Lo, Archie Craig MacKinlay",NEEDS_JUDGE,"no annotation, no verdict yet",
357,BfS3AAAAIAAJ,International Investments,Bruno H. Solnik,NEEDS_JUDGE,"no annotation, no verdict yet",
358,xKlHAAAAYAAJ,Limit Order Book as a Market for Liquidity,"Thierry Foucault, Ohad Kadan, Eugene Kandel",NEEDS_JUDGE,"no annotation, no verdict yet",
359,UM8JAQAAMAAJ,Performance of International Securities Markets,Heiko Schmiedel,NEEDS_JUDGE,"no annotation, no verdict yet",
360,YVVSAQAAIAAJ,Regulating Exchanges and Alternative Trading Systems,"Jonathan R. Macey, Maureen O'Hara",NEEDS_JUDGE,"no annotation, no verdict yet",
361,4pbwAAAAMAAJ,Share Liquidity and Corporate Efforts to Enhance it,Maria Gårdängen,NEEDS_JUDGE,"no annotation, no verdict yet",
362,57fuAAAAMAAJ,Financial Modelling,Andrzej M. J. Skulimowski,NEEDS_JUDGE,"no annotation, no verdict yet",
363,_rC3AAAAIAAJ,The Challenge of Information Technology for the Securities Markets,Salomon Brothers Center for the Study of Financial Institutions,NEEDS_JUDGE,"no annotation, no verdict yet",
364,ZerzAAAAMAAJ,Financial Statement Analysis and Security Valuation,Stephen H. Penman,AUTO_KEEP,"manual annotation (8 anns, max strength 1.0)",
365,a1EPAQAAMAAJ,Financial Statement Analysis,Charles H. Gibson,NEEDS_JUDGE,"no annotation, no verdict yet",
366,KGgPAQAAMAAJ,Financial Statement Analysis,"Ray Ball, S. P. Kothari",NEEDS_JUDGE,"no annotation, no verdict yet",
367,8TwPAQAAMAAJ,Financial Reporting and Statement Analysis,Clyde P. Stickney,NEEDS_JUDGE,"no annotation, no verdict yet",
368,Tg9LAAAAYAAJ,Analysis of American and Canadian Securities for the Use of English Investors,Kenneth Ffarington Bellairs,NEEDS_JUDGE,"no annotation, no verdict yet",
369,c-m2AAAAIAAJ,Financial Statement Analysis,Leopold A. Bernstein,NEEDS_JUDGE,"no annotation, no verdict yet",
370,EmYPAQAAMAAJ,Modern Strategy for Successful Investing,"Keith V. Smith, David K. Eiteman",NEEDS_JUDGE,"no annotation, no verdict yet",
371,UuBDAQAAIAAJ,Practical Financial Statement Analysis,Roy A. Foulke,NEEDS_JUDGE,"no annotation, no verdict yet",
372,ZEEPAQAAMAAJ,The Analysis of Financial Statements,Harry George Guthmann,NEEDS_JUDGE,"no annotation, no verdict yet",
373,owAdAAAAIAAJ,Badger on Investment Principles and Practices,Ralph Eastman Badger,NEEDS_JUDGE,"no annotation, no verdict yet",
374,eUU6AAAAMAAJ,Sources of Investment Information,Special Libraries Association. Exhibit Committee,NEEDS_JUDGE,"no annotation, no verdict yet",
375,VOC2AAAAIAAJ,Handbook of International Accounting,Frederick D. S. Choi,NEEDS_JUDGE,"no annotation, no verdict yet",
376,vm5aAAAAYAAJ,Insurance Company Investment Management Handbook,"Edmund A. Mennis, Stanley D. Ryals",NEEDS_JUDGE,"no annotation, no verdict yet",
377,pNOxAAAAIAAJ,Venture's Guide to Investing in Private Companies,"Arthur Lipper, George Ryan",NEEDS_JUDGE,"no annotation, no verdict yet",
378,V3u3AAAAIAAJ,Techniques of Financial Analysis,Erich A. Helfert,NEEDS_JUDGE,"no annotation, no verdict yet",
379,GXj9zOzLur0C,The Evening Sessions,University of Toledo,NEEDS_JUDGE,"no annotation, no verdict yet",
380,tdJOAQAAMAAJ,Investment Basics,Joyce Edna Jones,NEEDS_JUDGE,"no annotation, no verdict yet",
381,F1EPAQAAMAAJ,Understanding Financial Statements,"Lyn M. Fraser, Aileen Ormiston",NEEDS_JUDGE,"no annotation, no verdict yet",
382,uPxCAAAAIAAJ,Analyzing Financial Statements,Stephen Gilman,NEEDS_JUDGE,"no annotation, no verdict yet",
383,OHrPAAAAMAAJ,An Analysis of Investment Banking for Vocational Guidance,Investment Bankers Association of America. Education Committee,NEEDS_JUDGE,"no annotation, no verdict yet",
384,KWkUAAAAIAAJ,Annual Report of the President of the University for the Year Ending ...,Stanford University,NEEDS_JUDGE,"no annotation, no verdict yet",
385,X8NHAAAAIAAJ,The Analysis of Financial Statements,Aaron Morton Sakolski,NEEDS_JUDGE,"no annotation, no verdict yet",
386,ri79a3ckTX8C,Moody's Analyses of Railroad Investments,John Sherman Porter,NEEDS_JUDGE,"no annotation, no verdict yet",
387,ADAUAQAAMAAJ,An Analysis of Issues Related to Criteria for Determining Materiality,Financial Accounting Standards Board,NEEDS_JUDGE,"no annotation, no verdict yet",
388,P7ALAQAAIAAJ,Ratio Analysis of Financial Statements,"Alexander Wall, Raymond William Duning",NEEDS_JUDGE,"no annotation, no verdict yet",
389,21g6AQAAMAAJ,Investment Analysis,Walter Edwards Lagerquist,NEEDS_JUDGE,"no annotation, no verdict yet",
390,mHFIAQAAMAAJ,2400 Business Books and Guide to Business Literature,New Jersey. Public Library,NEEDS_JUDGE,"no annotation, no verdict yet",
391,jjJCAQAAMAAJ,2400 Business Books,"Newark Public Library. Business Branch, Linda Huckel Morley, Adelaide Cecilia Knight",NEEDS_JUDGE,"no annotation, no verdict yet",
392,_xY7AQAAMAAJ,"2100 Business Books, and Guide to Business Literature",Newark Public Library. Business Branch,NEEDS_JUDGE,"no annotation, no verdict yet",
393,UIEYAAAAIAAJ,Barron's Finance & Investment Handbook,"John Downes, Jordan Elliot Goodman",NEEDS_JUDGE,"no annotation, no verdict yet",
394,P2MiAQAAMAAJ,Coordination of Investments in Transport Infrastructures,Commission of the European Communities,NEEDS_JUDGE,"no annotation, no verdict yet",
395,X4RFAAAAYAAJ,Models for Investors in Real World Markets,"James R. Thompson, Edward E. Williams, M. Chapman Findlay, III",NEEDS_JUDGE,"no annotation, no verdict yet",
396,pVIUAQAAMAAJ,Analysis of Industrial Securities,Carl Kraft,NEEDS_JUDGE,"no annotation, no verdict yet",
397,tEYUAQAAMAAJ,"Audits of Investment Companies, with Conforming Changes as of May 1, 1994",American Institute of Certified Public Accountants. Investment Companies Special Committee,NEEDS_JUDGE,"no annotation, no verdict yet",
398,u2m4EAAAQBAJ,The Quant Trader's Handbook,Josh Luberisse,NEEDS_JUDGE,"no annotation, no verdict yet",
399,GVTHEQAAQBAJ,The 3-Level Bitcoin & Crypto Investing Framework,Andreas Tulong,NEEDS_JUDGE,"no annotation, no verdict yet",
400,gARFAAAAYAAJ,"Applied Commodity Price Analysis, Forecasting, and Risk Management",NCR-134 (Committee : U.S.). Conference,NEEDS_JUDGE,"no annotation, no verdict yet",
401,8EAfAQAAIAAJ,Forecasting Volatility in the Financial Markets,"John Knight, Stephen Satchell",NEEDS_JUDGE,"no annotation, no verdict yet",
402,3NHs46dQsqcC,Market Integration and Price Execution for NYSE-listed Securities,Charles M. C. Lee,NEEDS_JUDGE,"no annotation, no verdict yet",
403,wP8fIoP0NrMC,Purchase of Order Flows and Favorable Executions,Charles M. C. Lee,NEEDS_JUDGE,"no annotation, no verdict yet",
404,s55ya9gwYTQC,Optimal Execution of Multiasset Block Orders Under Stochastic Liquidity,"Naoki Makimoto, Yoshihiko Sugihara",NEEDS_JUDGE,"no annotation, no verdict yet",
405,U2laAAAAYAAJ,Microstructure,Hans R. Stoll,NEEDS_JUDGE,"no annotation, no verdict yet",
406,u6i3AAAAIAAJ,The Dow Jones-Irwin Guide to Trading Systems,Bruce Babcock,NEEDS_JUDGE,"no annotation, no verdict yet",
407,--LHAAAAIAAJ,Risk Management and Financial Derivatives,Satyajit Das,NEEDS_JUDGE,"no annotation, no verdict yet",
408,at0PAQAAMAAJ,Technical Traders Guide to Computer Analysis of the Futures Markets,"Charles Lebeau, David W. Lucas",NEEDS_JUDGE,"no annotation, no verdict yet",
409,dQm4AAAAIAAJ,Global Equity Markets,Robert Alan Schwartz,NEEDS_JUDGE,"no annotation, no verdict yet",
410,WtdKAQAAIAAJ,Proposals for a Securities Market Law for Canada: Background papers,"Philip Anisman, Canada. Department of Consumer and Corporate Affairs",NEEDS_JUDGE,"no annotation, no verdict yet",
411,Q_AJAQAAMAAJ,The New Laws of the Stock Market Jungle,Michael J. Panzner,NEEDS_JUDGE,"no annotation, no verdict yet",
412,ZYDAEQAAQBAJ,Trading Forex by Liquidity,Konstantin Titov,NEEDS_JUDGE,"no annotation, no verdict yet",
413,ZB6hEQAAQBAJ,Crypto Market Microstructure,Victor Trex,NEEDS_JUDGE,"no annotation, no verdict yet",
414,qi8izwEACAAJ,Optimal Trade Execution Under Stochastic Volatility and Liquidity,Patrick Cheridito,NEEDS_JUDGE,"no annotation, no verdict yet",
415,4MoazwEACAAJ,"Liquidity, Resiliency and Market Quality Around Predictable Trades",Hendrik Bessembinder,NEEDS_JUDGE,"no annotation, no verdict yet",
416,QGzozgEACAAJ,Hidden Liquidity,Bidisha Chakrabarty,NEEDS_JUDGE,"no annotation, no verdict yet",
417,SL6cEQAAQBAJ,"Trade Like a Rebel vol. 5 Pro Tools Margin, Leverage & Execution",FlexMind,NEEDS_JUDGE,"no annotation, no verdict yet",
418,3-azEQAAQBAJ,Mastering Forex Spread Dynamics,Konstantin Titov,NEEDS_JUDGE,"no annotation, no verdict yet",
419,f3G6EQAAQBAJ,Trade the Wild FX Exotics,Konstantin Titov,NEEDS_JUDGE,"no annotation, no verdict yet",
420,Rk13rgEACAAJ,The Intelligent Investor,Benjamin Graham,AUTO_KEEP,"manual annotation (11 anns, max strength 1.0)",
421,TnrrDwAAQBAJ,The Psychology of Money,Morgan Housel,AUTO_KEEP,pinned roadmap anchor,
422,8SL6VVMa9AcC,Trading in the Zone,Mark Douglas,AUTO_KEEP,"manual annotation (5 anns, max strength 1.0)",
423,Z9GNzwEACAAJ,Big Debt Crises,Ray Dalio,AUTO_KEEP,"manual annotation (6 anns, max strength 1.0)",
424,t-TQCwAAQBAJ,Trading and Exchanges,Larry Harris,AUTO_KEEP,"manual annotation (6 anns, max strength 1.0)",
425,5NAZE-RBJoEC,Trade Your Way to Financial Freedom,Van K. Tharp,AUTO_KEEP,"manual annotation (10 anns, max strength 1.0)",
426,mna7CdjGdcYC,Come Into My Trading Room,Alexander Elder,AUTO_KEEP,"manual annotation (13 anns, max strength 1.0)",
427,237PaZVtDjMC,The New Sell and Sell Short,Alexander Elder,AUTO_KEEP,"manual annotation (9 anns, max strength 1.0)",
428,rSkyvwEACAAJ,Entries & Exits,Alexander Elder,AUTO_KEEP,"manual annotation (6 anns, max strength 1.0)",
429,jbD47VkOHAEC,Evidence-Based Technical Analysis,David Aronson,AUTO_KEEP,"manual annotation (6 anns, max strength 1.0)",
430,pSUJAQAAMAAJ,Market Wizards,Jack D. Schwager,AUTO_KEEP,"manual annotation (9 anns, max strength 1.0)",
431,3cioifqOLxkC,A Random Walk Down Wall Street,Burton Gordon Malkiel,AUTO_KEEP,"manual annotation (10 anns, max strength 1.0)",
432,hMY2DwAAQBAJ,The Little Book of Common Sense Investing,John C. Bogle,AUTO_KEEP,pinned roadmap anchor,
433,NYh93U24mesC,The Little Book That Builds Wealth,Pat Dorsey,AUTO_KEEP,"manual annotation (6 anns, max strength 1.0)",
434,cb6_SJN09qoC,The Four Pillars of Investing,William J. Bernstein,AUTO_KEEP,"manual annotation (12 anns, max strength 1.0)",
435,bju_QwAACAAJ,Security Analysis,"Benjamin Graham, David Le Fevre Dodd",AUTO_KEEP,"manual annotation (12 anns, max strength 1.0)",
436,1QpjAAAACAAJ,Margin of Safety,Seth A. Klarman,AUTO_KEEP,"manual annotation (10 anns, max strength 1.0)",
437,njy3PQAACAAJ,The Essays of Warren Buffett,Warren Buffett,AUTO_KEEP,"manual annotation (11 anns, max strength 1.0)",
438,AKwWNQjLQQ4C,Common Stocks and Uncommon Profits,Philip A. Fisher,AUTO_KEEP,"manual annotation (12 anns, max strength 1.0)",
439,TYOdIrFJ2SkC,One Up On Wall Street,Peter Lynch,AUTO_KEEP,"manual annotation (10 anns, max strength 1.0)",
440,2n0VImAHVv0C,The Most Important Thing,Howard Marks,AUTO_KEEP,"manual annotation (11 anns, max strength 1.0)",
441,66xTDwAAQBAJ,You Can Be a Stock Market Genius,Joel Greenblatt,AUTO_KEEP,"manual annotation (12 anns, max strength 1.0)",
442,dkeyU_3FhsMC,The Little Book That Beats the Market,Joel Greenblatt,AUTO_KEEP,"manual annotation (8 anns, max strength 1.0)",
443,2unAEAAAQBAJ,Poor Charlie’s Almanack,Charles T. Munger,AUTO_KEEP,"manual annotation (9 anns, max strength 1.0)",
444,XCL9bkrOrpcC,Equity Asset Valuation,"Jerald E. Pinto, Elaine Henry, Thomas R. Robinson, John D. Stowe",AUTO_KEEP,"manual annotation (7 anns, max strength 1.0)",
445,sLQhYjndgwEC,Investment Valuation,Aswath Damodaran,AUTO_KEEP,"manual annotation (11 anns, max strength 1.0)",
446,3MPnCgAAQBAJ,Quality Investing,"Torkell T. Eide, Patrick Hargreaves, Lawrence A. Cunningham",AUTO_KEEP,"manual annotation (5 anns, max strength 1.0)",
447,tH4MwgEACAAJ,Financial Shenanigans,"Howard M. Schilit, Yoni Engelhart, Jeremy Perler",AUTO_KEEP,"manual annotation (3 anns, max strength 1.0)",
448,vGk00l8PqeMC,Common Sense on Mutual Funds,John C. Bogle,AUTO_KEEP,"manual annotation (10 anns, max strength 1.0)",
449,vpsrAQAAMAAJ,All About Asset Allocation,Richard Ferri,AUTO_KEEP,"manual annotation (9 anns, max strength 1.0)",
450,P7TCSLpJ7AYC,Asset Allocation: Balancing Financial Risk,Roger C. Gibson,AUTO_KEEP,"manual annotation (8 anns, max strength 1.0)",
451,lujLawVLS3YC,Fixed Income Analysis,Frank J. Fabozzi,AUTO_KEEP,"manual annotation (11 anns, max strength 1.0)",
452,G17OAwAAQBAJ,The Bogleheads' Guide to Investing,"Mel Lindauer, Taylor Larimore, Michael LeBoeuf",AUTO_KEEP,"manual annotation (10 anns, max strength 1.0)",
453,SBmyEAAAQBAJ,"Manias, Panics, and Crashes","Robert Z. Aliber, Charles P. Kindleberger, Robert N. McCauley",AUTO_KEEP,"manual annotation (9 anns, max strength 1.0)",
454,Iihe6s0XincC,This Time Is Different,"Carmen M. Reinhart, Kenneth S. Rogoff",AUTO_KEEP,"manual annotation (7 anns, max strength 1.0)",
455,qxkiYul2wgoC,The Alchemy of Finance,George Soros,AUTO_KEEP,"manual annotation (10 anns, max strength 1.0)",
456,fljfDwAAQBAJ,Principles for Dealing with the Changing World Order,Ray Dalio,AUTO_KEEP,"manual annotation (6 anns, max strength 1.0)",
457,4ZmxzMrGRf4C,Lords of Finance,Liaquat Ahamed,AUTO_KEEP,"manual annotation (6 anns, max strength 1.0)",
458,oV1tXT3HigoC,"Thinking, Fast and Slow",Daniel Kahneman,AUTO_KEEP,"manual annotation (5 anns, max strength 1.0)",
459,uzkX3Vpj3ywC,Fooled by Randomness,Nassim Nicholas Taleb,AUTO_KEEP,"manual annotation (5 anns, max strength 1.0)",
460,-gXKAgAAQBAJ,Japanese Candlestick Charting Techniques,Steve Nison,AUTO_KEEP,"manual annotation (6 anns, max strength 1.0)",
461,i2j3nQEACAAJ,Market Microstructure in Practice,"Charles-Albert Lehalle, Sophie Laruelle",AUTO_KEEP,"manual annotation (7 anns, max strength 1.0)",
462,CMybzwEACAAJ,Algorithmic Trading & DMA,Barry Johnson (analiza finansowa),AUTO_KEEP,"manual annotation (11 anns, max strength 1.0)",
463,NZlV0M5Ije4C,Quantitative Trading,Ernie Chan,AUTO_KEEP,"manual annotation (11 anns, max strength 1.0)",
464,y3dxCgAAQBAJ,Systematic Trading,Robert Carver,AUTO_KEEP,"manual annotation (14 anns, max strength 1.0)",
465,psSLKgV8IO4C,The Outsiders,William Thorndike,AUTO_KEEP,"manual annotation (3 anns, max strength 1.0)",
466,mNcBEAAAQBAJ,Value Investing,"Bruce C. Greenwald, Judd Kahn, Erin Bellissimo, Mark A. Cooper, Tano Santos",AUTO_KEEP,"manual annotation (6 anns, max strength 1.0)",
467,5EhKCgAAQBAJ,Valuation,"McKinsey & Company Inc., Tim Koller, Marc Goedhart, David Wessels",AUTO_KEEP,"manual annotation (8 anns, max strength 1.0)",
468,4vrIAgAAQBAJ,Against the Gods,Peter L. Bernstein,AUTO_KEEP,"manual annotation (6 anns, max strength 1.0)",
