corpus_row,google_volume_id,title,author,publisher,publication_year,source,reason,red_flags
7,QU2pLmie9SEC,An Introduction to Trading in the Financial Markets: Market Basics,R. Tee Williams,Academic Press,2010,google_books,"Published by Academic Press (Elsevier) with a credentialed author of 30 years' market experience, this is a legitimate professional reference on financial markets — not a summary or workbook. However, the Goodreads rating of 3.22 from only 9 reviews provides very weak evidence of quality, and the complete absence of Amazon reviews suggests minimal market traction. The topic is highly relevant to Atlas, but the near-absence of engagement data makes a confident quality call impossible without human review.",very low review count (9 ratings); below-threshold rating (3.22); no Amazon reviews for this specific volume
20,5xdYDb1wD9YC,Fundamentals of Investments,Richard A. Stevenson,,1988,google_books,"This is a legitimate multi-edition college-level investments textbook from 1988, published by West Publishing Co., covering foundational investing concepts relevant to Atlas's scope. However, it is over 35 years old, has no discoverable ratings or reviews, no modern readership, and no evidence of canonical or must-read status in investing literature. Without stronger evidence of enduring relevance or citation on reputable reading lists, a human review is warranted before inclusion.",1988 publication date — severely dated; No ratings or reviews found anywhere; Virtually no modern web presence; Out-of-print academic textbook with no noted canonical status
21,u9xmEp_FB58C,What Is Value Investing?,Lawrence A. Cunningham,McGraw Hill Professional,2004,google_books,"Cunningham is a credible, well-regarded author in value investing (known for 'The Essays of Warren Buffett'), and the publisher McGraw-Hill is reputable, so this is not a low-quality or scam product. However, the specific book has zero Goodreads reviews and no Amazon rating, making it impossible to assess reception on its own merits; reviews hint at thin content. As an introductory primer it may be redundant alongside stronger value investing titles in Atlas, warranting a human review decision.",no retrievable rating or reviews for this specific title; described as introductory/beginner primer with limited depth per one review; very thin content per negative Amazon review
22,_Exwgz9_6oEC,Investor's Library,"Marvin Appel, Harry Domash, Michael N. Kahn CMT",Pearson Education,2011,google_books,"This is a legitimate Pearson/FT Press omnibus bundling three credible titles by credentialed authors (Domash, Kahn CMT, Appel), all relevant to stock analysis, technical analysis, and income investing. However, as a compiled bundle it has zero ratings or reviews across all major platforms and no reading-list presence, making quality assessment impossible. The individual component books may merit separate evaluation, but this bundle format warrants human review before inclusion.",bundle/omnibus format with no standalone review presence; no ratings or reviews found anywhere; not on any notable reading lists
27,rPkmNfPEuIYC,Fundamental Analysis,John C. Ritchie,Irwin Professional Publishing,1996,google_books,"The book is a legitimate multi-edition fundamental analysis textbook from a credible academic (Temple University Finance professor) published by a reputable professional imprint (Irwin), making it relevant to Atlas's scope. However, the Goodreads rating of 3.0 from only 6 ratings is below the acceptable threshold, and the book has virtually no modern footprint on reading lists or review platforms. The author's academic credibility and professional publisher prevent a DROP_D, but insufficient evidence exists to confidently keep it without human review.",very low rating count (6 ratings); rating of 3.0 is below threshold; near-zero modern visibility
33,9-1X9wA_bhEC,Teenvestor,"Emmanuel Modu, Andrea Walker",Perigee Trade,2002,google_books,"The book is a legitimate, original investing guide by credentialed authors (Wharton MBA, Princeton engineering) with reputable publisher (Perigee/Penguin Putnam) and documented media coverage in Forbes, WSJ, CNBC, and CNN Money. However, no numeric ratings are available from any source, and the teen/beginner focus limits relevance for Atlas's core investing audience. The 2002 publication date also raises concerns about outdated content. A human review is warranted to determine if its educational value and author credibility justify inclusion.",targeted at teens/beginners; no retrievable ratings; 2002 publication may be outdated
50,XLRFDwAAQBAJ,Trader's Guide to Financial Markets and Technical Analysis,Jitender Yadav,Vision Books,2018,google_books,"This is a legitimate technical analysis and financial markets title from a credible Indian publisher (Vision Books, est. 1975) by an author with verifiable practitioner and academic credentials since 1993. However, there are no retrievable ratings or review counts, and recognition is limited to a single community mention on an India-focused trading forum, with no presence on major English-language investing reading lists. The content is highly relevant to Atlas's scope, but the lack of quality signals and narrow community footprint makes this a human-review candidate rather than a clear keep or drop.",no retrievable ratings or review counts; limited recognition outside Indian trading community; single reading-list mention on a niche forum
54,Cm7H4m7bqmcC,The Trading Methodologies of W.D. Gann,Hima Reddy,FT Press,2012,google_books,"The book's Goodreads rating of 3.29 across only 17 ratings is below the threshold for confident retention, and the sole written review is dismissive. However, the author holds credible CMT credentials, FT Press (Pearson) is a reputable publisher, and the book is an original practitioner-authored guide rather than a summary or workbook. The thin evidence base and weak rating make a human review necessary before keeping or dropping.",very low Goodreads rating (3.29); extremely thin review base (17 ratings); one review calls it 'another failed attempt to decode Gann'
61,2lNpJqsuuqQC,The Market Guys' Five Points for Trading Success,"A. J. Monte, Rick Swope",John Wiley & Sons,2011,google_books,"The book's best reliable rating is 3.49 from only 39 Goodreads reviews, falling below the 3.50 threshold with weak review-count confidence. It is a legitimate Wiley-published trading guide by credentialed authors (CMT, E*TRADE/CBOE affiliation), covering technical analysis and risk management, but community reception is tepid and engagement is low. The content is relevant to trading but not canonical or widely cited, warranting a human review rather than automatic retention or drop.",rating below 3.50 on goodreads; very low review count (39); semi-promotional title structure ('Five Points for Trading Success'); E*TRADE partnership raises mild commercial/educational seminar concern
62,yXXCBwAAQBAJ,Trend Trading For Dummies,Barry Burns,John Wiley & Sons,2014,google_books,"The 'For Dummies' branding triggers the beginner/introductory red flag under policy, though it is a legitimate Wiley publication by a credible practitioner. Amazon rating is strong (4.5/276) but Goodreads is weak (3.7/54), and reviewer commentary suggests limited depth. The split reception and introductory nature make this a borderline case warranting human review rather than a clear keep or drop.",'For Dummies' beginner-oriented branding; Goodreads rating only 3.7/54 suggesting mixed reception among serious readers; described as 'superficial' by at least one reviewer
69,VRyfEK_cVpAC,"Risk, Risk Management and Regulation in the Banking Industry",Peter Pelzer,Routledge,2013,google_books,"Published by Routledge in a reputable academic series on money and banking, with a credible author combining practitioner and academic credentials, this is a legitimate scholarly monograph. However, its Derridean philosophical framing of banking risk regulation places it at the margins of Atlas's investing/trading/markets/macro scope, and the complete absence of consumer ratings or reading-list traction makes audience appeal uncertain. A human reviewer should determine whether its philosophical depth on risk management adds sufficient value to Atlas's collection.",no consumer ratings or reviews found; highly niche philosophical angle (Derridean deconstruction) may limit practical relevance to investing/trading audience
71,UTD7Rct71JYC,"Trade, Investment and Development: Reaping the Full Benefits of Open Markets",OECD,OECD Publishing,1999,google_books,"This is a credible OECD institutional report on trade and investment policy for development, confirmed across official OECD channels. However, it is a technical policy document aimed at policymakers and economists rather than investing or trading practitioners, placing it outside Atlas's core scope. No consumer ratings or appearances on investing/trading reading lists were found. Relevance to Atlas's retail investing/trading/macro audience is low, warranting human review before inclusion.","institutional policy report, not a trade/investing practitioner book; no ratings or reading-list mentions; 1999 vintage may be dated for policy context"
81,JDjDCAAAQBAJ,Portfolio Management,"John Bonner, Marcus Rees, Edward Ivanovic",Harriman House Limited,2015,google_books,"Published by credible Harriman House and authored by practitioners with Goldman Sachs and Thomson Reuters backgrounds, giving it baseline legitimacy in the portfolio management space. However, the near-total absence of any public review record (1 rating on Amazon.eg, no Goodreads presence, no reading-list appearances) makes it impossible to assess quality with confidence. The book is topically highly relevant to Atlas's investing/fund management scope, but insufficient evidence exists to confidently assign KEEP_B or above without human review.",virtually no public review footprint; only 1 rating found across all sources; 168-page length may indicate limited depth
88,R12JEQAAQBAJ,Modern Fund Management and Sustainable Development of Emerging Financial Markets,Ephraim Matanda,African Books Collective,2025,google_books,"Published by Langaa RPCIG (a legitimate African academic press) and authored by a credentialed banking and finance lecturer, this 2025 textbook targets emerging-market fund management — moderately relevant to Atlas's scope. However, there is zero public reception data for this specific title, the author's prior work has only a single weak rating, and it appears to be a niche academic textbook with limited wider recognition. Human review is warranted to determine if it fills a genuine gap in Atlas's emerging-markets coverage.",no ratings or reviews for this title; niche African academic press with very limited public reception; prior book by same author rated only 3.0 with 1 review
103,z-joAwAAQBAJ,Asset Rotation,Matthew P. Erickson,John Wiley & Sons,2014,google_books,"Published by John Wiley & Sons with a credentialed author (CIO/CEO, former UBS partner) and a formal CFA Institute blog review, the book has legitimate professional standing and is directly relevant to ETF-based tactical asset management. However, the Goodreads rating of 3.41 from only 22 reviews is below the acceptable threshold and provides very low confidence, and the CFA reviewer noted weaknesses in the core argument. Human review is warranted to determine whether the Wiley publication and CFA Institute coverage are sufficient to offset the weak reader reception.","very low Goodreads rating (3.41); very low review count (22); description contains mildly hyperbolic language ('revolutionary approach', 'superior returns')"
125,a296EAAAQBAJ,Trading Psychology For Dummies,Roland Ullrich,John Wiley & Sons,2022,metadata_only,"The book is directly relevant to trading psychology, a core Atlas topic, and is published by John Wiley & Sons under the established Dummies imprint. However, the 'For Dummies' branding signals a beginner/introductory format which typically warrants DROP_D, but Wiley's Dummies series has produced credible investing titles and trading psychology is a legitimate specialist subject. Without ratings or web evidence to confirm quality or reception, a human review is warranted rather than an automatic drop.",'For Dummies' beginner-oriented branding; no ratings or reviews found; no web evidence
138,esdm6ijCSrMC,The Story of Behavioral Finance,"Brandon Adams, Brian Finn",iUniverse,2006,metadata_only,"Published by iUniverse (a vanity/self-publishing imprint), which is a significant quality signal concern. The topic—behavioral finance applied to real-world portfolio management, market bubbles, and IPOs—is genuinely relevant to Atlas's scope. However, with no ratings, no web evidence, and unknown author credibility compared to canonical behavioral finance authors (Thaler, Shiller, Kahneman), there is insufficient evidence to confidently keep or drop this book.",iUniverse is a self-publishing/vanity press; no web evidence found; no ratings available; authors are not widely recognized figures in behavioral finance
153,H-qgY68qMc8C,Managing World Economic Change,Robert A. Isaak,,1995,metadata_only,"Robert A. Isaak is a legitimate academic author in international political economy, and the book addresses global economic change, trade, and political dimensions relevant to macro/markets. However, there is no publisher information, no ratings data, and no web evidence to assess reception or canonical status. The 1995 date and textbook framing ('this text', 'this edition') suggest an academic course text of uncertain impact; a human review is warranted.",no publisher listed; 1995 publication date may limit relevance; no web evidence or ratings found
155,H4YpAQAAMAAJ,International Capital Markets,International Monetary Fund,INTERNATIONAL MONETARY FUND,2000,metadata_only,"This is an IMF institutional report from 2000 covering global capital markets, derivatives, and emerging markets — highly relevant to Atlas's domain. The IMF's International Capital Markets series is a credible, authoritative publication widely referenced in academic and policy circles. However, as a dated institutional report rather than a traditional book, its pedagogical value for Atlas users may be limited, and no ratings or web evidence are available to confirm its reception. A human review is warranted to determine whether this report-style publication fits Atlas's book collection.","no ratings or reviews found; no web evidence; dated (2000); institutional report format, not a traditional book"
163,ZGbTV69f-koC,Trading Strategies for Direct Access Trading,Robert Sales,McGraw-Hill Companies,2001,metadata_only,"Published by McGraw-Hill in 2001, this book covers direct access trading strategies, which is relevant to Atlas's trading scope. However, there is no rating data, no web evidence, and no annotations to assess quality or reputation. The topic of direct access/electronic trading has evolved significantly since 2001, reducing its practical relevance today. Without stronger evidence of quality or canonical status, this warrants human review.",no ratings or reviews found; no web evidence; 2001 publication may be dated for direct access trading context
165,GHG3p6H8XXsC,All About Stock Market Strategies,"David Brown, Kassandra Bentley",McGraw Hill Professional,2002,metadata_only,"Published in 2002 as part of McGraw-Hill's introductory 'All About...' series, this book targets general investors with a broad survey of strategies rather than specialist depth. The sole rating of 3.0 is meaningless as evidence. No web evidence, reading-list mentions, or citation signals could be found to elevate it above a mid-tier status. Without stronger evidence of enduring relevance or canonical standing, a human review is warranted.",only 1 rating at 3.0 — statistically meaningless; dated (2002); part of a generic 'All About...' introductory series; no web evidence found
167,PJUua8Z1SHAC,All About Market Timing,Leslie Masonson,McGraw-Hill,2003,metadata_only,"Published by McGraw-Hill in 2003, a credible publisher for finance titles, and market timing is directly relevant to Atlas's scope. However, the description's language about 'simple techniques' and 'consistent profits' edges toward retail/promotional framing, and there is no rating or web evidence to assess reception. Without corroborating quality signals, this warrants human review rather than an automatic keep or drop.","'simple, easy-to-use' framing borders on accessible-retail tone; 'consistent profits' language mildly promotional; no web evidence or ratings found"
173,UhGUzQEACAAJ,The Book of Back-tests,Sofien Kaabar,Independently Published,2020,metadata_only,"No ratings, reviews, or web evidence are available to assess quality, and the book is independently published with no established reputation in the field. The content—backtesting trading strategies with code across technical analysis, fundamental analysis, and machine learning—is relevant to algorithmic trading, but the description's 'anyone from any level' framing and lack of any credible endorsements raise uncertainty. Without stronger evidence of quality or canonical status, a human review is warranted before keeping or dropping.",independently published; no ratings or reviews found; description targets 'anyone from any level' suggesting broad beginner appeal; no web evidence to validate quality or reputation
174,du5qDwAAQBAJ,CFA Program Curriculum 2019 Level III Volumes 1-6 Box Set,CFA Institute,John Wiley & Sons,2018,metadata_only,"This is the official CFA Institute Level III curriculum box set, which is high-quality and authoritative but functions primarily as exam-prep study material rather than a standalone investing or portfolio management book. It covers wealth and portfolio management concepts relevant to Atlas's scope, but its utility is tied to CFA exam preparation. Without web evidence or ratings, and given its nature as a curriculum set, a human should decide whether such exam-prep material fits Atlas's recommender use case.",curriculum/study-guide material; exam-prep box set rather than standalone investment book; not a general investing/trading reference
180,-uxaAAAAYAAJ,The Microstructure of Financial Derivatives Markets,"Brenda González-Hermosillo, Bank of Canada",,1994,metadata_only,"This appears to be a Bank of Canada working paper or technical publication from 1994 on derivatives market microstructure, a relevant but narrow academic topic. No ratings, reviews, or web evidence are available to assess reception or impact. The author is affiliated with the Bank of Canada, lending some credibility, but without further evidence of influence or citation this cannot be confidently placed above REVIEW_C. A human should verify whether this is a widely cited academic paper or a minor internal report.",no web evidence found; no ratings or reviews; likely a working paper or technical report from 1994
185,ZfQJAQAAMAAJ,Encyclopedia of Business Ethics and Society,Robert W. Kolb,"SAGE Publications, Incorporated",2007,metadata_only,"This is a five-volume reference encyclopedia on business ethics and corporate social responsibility, published by SAGE in 2007. While academically credible (SAGE, Robert Kolb as editor), its subject matter—business ethics, stakeholder theory, corporate social responsibility—is only tangentially related to Atlas's core focus on investing, trading, financial markets, and macro. Encyclopedia format is also poorly suited to book recommendations. Without ratings or web evidence, confidence is low, but relevance concerns alone suggest it does not belong in Atlas.",encyclopedia/reference format not suited to Atlas recommendations; business ethics and society scope largely outside investing/trading/markets/macro; no web evidence or ratings available
195,Nya7Nls60RgC,Investment Analysis & Portfolio Selection,"Herbert E. Phillips, John C. Ritchie",South Western Educational Publishing,1983,metadata_only,"This is a 1983 textbook on investment analysis and portfolio selection from South Western Educational Publishing, which is a credible academic publisher. The topic is directly relevant to Atlas's scope, but the book is quite dated and there is no web evidence, ratings, or citation data to confirm its canonical status or ongoing relevance. Without further evidence of its influence or use on reading lists, a human review is warranted.",no web evidence; 1983 publication may be outdated; no rating data
198,M4GzEAAAQBAJ,Fundamental Analysis For Dummies,Matthew Krantz,John Wiley & Sons,2023,metadata_only,"Fundamental Analysis For Dummies by Matthew Krantz (Wiley, 2023) is directly relevant to investing and financial analysis, covering core FA concepts like revenue, expenses, assets, and macroeconomic factors. However, the 'For Dummies' branding signals a beginner-oriented, introductory treatment that typically lacks the depth expected for Atlas's specialist audience. No ratings or web evidence are available to assess reception, and no prior Atlas annotations exist, warranting a human review decision.",'For Dummies' introductory/beginner format; no ratings or reviews available; no web evidence
206,RLDa-quGM8MC,Secrets of the SOES Bandit,"Harvey I. Houtkin, David Waldman",McGraw-Hill Companies,1999,metadata_only,"Houtkin was a genuine pioneer of SOES/direct-access trading in the late 1990s and McGraw-Hill is a credible publisher, giving the book some historical legitimacy. However, SOES was discontinued in 2001, making the specific techniques largely obsolete, and the 'Secrets' framing is a mild red flag. Without ratings data or web evidence confirming ongoing readership or canonical status, this sits in uncertain territory requiring a human call on historical vs. practical value.","'Secrets' in title triggers soft red flag; 1999 vintage — SOES (Small Order Execution System) abolished in 2001, severely limiting contemporary relevance; No ratings or reviews found"
207,5z3BDgAAQBAJ,Currency Kings: How Billionaire Traders Made their Fortune Trading Forex and How You Can Too,Ben Robson,McGraw Hill Professional,2017,metadata_only,"Published by McGraw Hill Professional (credible publisher) and focused on forex trading with apparent case-study structure of billionaire traders, giving it some relevance and legitimacy. However, the subtitle 'How You Can Too' and promotional description language raise mild red flags typical of retail-targeted trading books. With no ratings, reviews, or web evidence available, there is insufficient data to confidently place this above REVIEW_C; a human reviewer should assess whether the content is substantive or primarily aspirational.",subtitle contains 'How You Can Too' pattern suggestive of aspirational/retail pitch; no ratings or web evidence available; description language leans promotional
212,ySLJEQAAQBAJ,Zero-Fee Illusion,Ada T. Thornhill,epubli,2026,metadata_only,"The topic — Payment for Order Flow, zero-commission brokerages, and retail investor exploitation by HFT firms — is highly relevant to Atlas's investing/markets scope. However, Ada T. Thornhill has no verifiable web presence, epubli is a self-publishing platform with minimal editorial standards, and the 2026 publication date raises questions about the book's existence or legitimacy. With zero ratings, no reviews, and no web evidence, this cannot be confidently kept or dropped without human review.",unknown author with no web presence; published by epubli (self-publishing platform); publication year 2026 (future/unverified); no ratings or reviews found; no web evidence available
213,tNjEK17eth4C,Strategic Trading in Illiquid Markets,Burkart Mönch,Springer Science & Business Media,2005,metadata_only,"This appears to be a published doctoral thesis on market microstructure and illiquid markets trading strategies, published by Springer in 2005. The topic is relevant to trading and financial markets, and Springer is a credible academic publisher. However, with no ratings, no web evidence, and thesis-format origins, it is a narrow specialist work with uncertain impact; a human reviewer should assess whether it adds unique value to Atlas's catalog.",thesis/academic dissertation format; no web evidence found; no ratings or reviews available; narrow specialist topic
218,ypHi0QEACAAJ,Architecting AI Forex Trading Systems,Konstantin Titov,Independently Published,2026,metadata_only,"The book is topically relevant to Atlas (AI-driven forex/trading systems) and the description avoids overt 'get rich' or shortcuts language, explicitly disclaiming 'magic algorithms.' However, it is independently published, attributed to an unknown author (Konstantin Titov) with no verifiable web presence, and dated 2026 with zero ratings or reviews, making quality assessment impossible from available evidence. A human review is warranted before inclusion.",independently published; year 2026 (future/not yet released); unknown author with no web presence found; no ratings or reviews available
219,dcqv0QEACAAJ,Reinforcement Learning for Live Market Execution,Sterling Whitmore,Independently Published,2025,metadata_only,"The topic — reinforcement learning applied to live market execution and algorithmic trading — is highly relevant to Atlas's scope and the description sounds technically oriented rather than pop-finance. However, the author 'Sterling Whitmore' has no verifiable web presence, the book is independently published in 2025 with zero reviews or citations found, and no external evidence supports quality claims. Without corroborating evidence of author credentials or reader reception, this requires human review before inclusion.",independently published; unknown author with no verifiable credentials; 2025 publication with no web presence or reviews; no rating data available
220,urS70QEACAAJ,Execution Intelligence,James Preston,Independently Published,2025,metadata_only,"The topic—execution quality, order routing, and algorithmic order engines for retail traders—is highly relevant to Atlas's trading/markets scope. However, the book is independently published in 2025 by an unknown author (James Preston) with zero web presence, no ratings, and no community validation. The description is substantive and not obviously a summary/workbook, but without any corroborating evidence of credibility, a human review is warranted before inclusion.",independently published; 2025 publication with no web evidence; unknown author; no ratings or reviews found
221,kIPd0QEACAAJ,Nonlinear Risk Systems,James Preston,Independently Published,2026,metadata_only,"The topic — nonlinear risk, tail events, convexity, regime shifts, feedback loops — is highly relevant to Atlas's investing and financial markets scope, and the description reads as substantive and practitioner-oriented rather than superficial. However, the author James Preston is unknown with no verifiable credentials found, the publisher is independent, the book is dated 2026 suggesting it is not yet published, and there is zero web evidence or rating data to corroborate quality. A human review is warranted before inclusion.",independently published; year 2026 (future/pre-release); unknown author with no web presence found; no ratings or reviews available
223,e_G4AAAAIAAJ,Financial Market Liberalization,Olin Lewis Wethington,McGraw-Hill Companies,1994,metadata_only,"Published by McGraw-Hill in 1994, this title on financial market liberalization is potentially relevant to macro and financial markets but no web evidence, ratings, or description exist to confirm quality or scope. The author Olin Lewis Wethington is not widely recognized in standard financial literature based on available metadata. Without additional evidence, a human review is warranted before inclusion.",no web evidence; no ratings or reviews found; no description available; 1994 publication may be dated
224,skQUAQAAMAAJ,Protecting Shareholder Value,Abraham M. George,,1996,metadata_only,"The book covers corporate financial market risk, hedging, and exposure management from a practitioner's perspective, which is moderately relevant to Atlas's investing/markets scope. However, there is no publisher, no ratings, no web evidence, and no manual annotations to establish credibility or canonical status. The 1996 date and absence of any corroborating evidence make this a borderline case requiring human review.",no publisher listed; no ratings or reviews found; 1996 publication may be outdated for market risk coverage; no web evidence to verify credibility
226,UMcPs3gyA6oC,Impact of the COVID-19 Pandemic on Trade and Development,United Nations Publications,,2020,metadata_only,"This is a United Nations institutional report on COVID-19's impact on trade and development, which has tangential relevance to macro and trade topics within Atlas's scope but is primarily a policy document rather than an investing or trading resource. No ratings or web evidence are available to assess quality or reception. The UN is a credible publisher for macro/trade data, but the report's policy-recommendation framing and development focus make it a weak fit for Atlas's core audience of investors and traders.",no web evidence; no rating data; government/UN institutional report rather than investment/trading-focused book
230,r2ymAAAAIAAJ,European Monetary Union,Georges Caravelis,,1994,metadata_only,"This 1994 academic study on European Monetary Union is topically relevant to macro/financial markets but has no publisher, no ratings, and no web evidence to assess quality or reputation. The author Georges Caravelis is unknown and the book predates EMU's actual implementation, limiting its current relevance. Without any corroborating evidence of quality or canonical status, a human review is warranted before keeping or dropping.",no publisher listed; no ratings or reviews found; obscure author with no web presence; 1994 publication may be outdated for EMU analysis
235,7QVFAAAAYAAJ,Fundamentals of Investment Management,"Geoffrey A. Hirt, Stanley B. Block",Irwin Professional Publishing,1990,metadata_only,"This is a comprehensive investment management textbook by Hirt and Block covering equities, bonds, options, technical analysis, and financial statement analysis — highly relevant to Atlas's scope. Published in 1990 by Irwin Professional Publishing, it is likely a solid academic text, but it is dated and there is no web evidence or ratings to confirm its current standing or reputation. Given the metadata-only basis and age, a human review is warranted to determine if it merits inclusion over more modern alternatives.",dated (1990); no web evidence found; no ratings available; textbook format may limit practical trading/investing depth
237,ctoTAQAAIAAJ,Investing in the Nigerian Capital Market,Suleiman Akwu-Odo Salihu Aruwa,,2007,metadata_only,"This 2007 book focuses on the Nigerian capital market, which is relevant to investing/financial markets but in a narrow regional context. There is no publisher information, no ratings, no web evidence, and no manual annotations in Atlas, making quality assessment very difficult. Given the lack of any corroborating evidence of credibility or wide recognition, a human review is warranted before keeping or dropping.",no publisher listed; no web evidence found; no ratings or reviews; narrow regional focus (Nigerian capital market)
240,SGYPAQAAMAAJ,Practical Investment Management,Robert A. Strong,South Western Educational Publishing,2001,metadata_only,"This is an introductory investments textbook from South-Western (a credible academic publisher) by Robert A. Strong, covering standard investment management topics with CFA-level depth. However, the single 5.0 Google rating provides no meaningful quality signal, no web evidence was found, and the 2001 publication date raises currency concerns. The textbook framing and beginner audience limit its relevance for Atlas's practitioner-focused investing corpus, warranting human review.","rating based on single review, statistically meaningless; introductory textbook aimed at first-time investment students; no web evidence or citations found; 2001 publication may be outdated"
242,FvwJAQAAMAAJ,Investing with Exchange-Traded Funds Made Easy,Marvin Appel,Financial Times/Prentice Hall,2007,metadata_only,"Published by a credible imprint (FT/Prentice Hall) with a domain-relevant author (Marvin Appel), but the 'Made Easy' framing, promotional 'will make you money' blurb, and introductory scope push toward a borderline drop. The single Google rating of 3.0 is essentially meaningless, and no web evidence exists to confirm broader reception or canonical status. Given uncertainty, a human review is warranted rather than an outright drop.",'Made Easy' title signals introductory/beginner framing; promotional blurb with 'will make you money' claim; only 1 rating with low score; no web evidence found; dated (2007)
246,KIsrAQAAMAAJ,The Intelligent Guide to Stock Market Investment,"Kevin Keasey, Robert Hudson, Kevin Littler",John Wiley & Sons,1998,metadata_only,"Published by John Wiley & Sons and authored by a team of financial researchers, this book appears credible and relevant to stock market investment. However, with no ratings, no web evidence, and a 1998 publication date, it is difficult to assess its current standing or impact. The description suggests a balanced, academic-practitioner approach that avoids simplistic formulas, which is a positive signal, but without corroborating evidence a human review is warranted.",1998 publication date makes content potentially outdated; no web evidence found; no ratings or reviews available
249,GeYJAQAAMAAJ,"Investing with the Insiders, Legally","Aaron B. Feigen, Donald James Christensen",Simon & Schuster,1988,metadata_only,"Published by Simon & Schuster in 1988, which lends some credibility, but there is no ratings data, no web evidence, and no description to evaluate content quality. The title suggests relevance to insider trading and legal investment strategies, which is within Atlas's scope, but the age of the book and lack of any corroborating evidence make a confident tier assignment impossible. A human review is warranted to determine whether this has lasting value or has been superseded.",no web evidence found; no ratings data; 1988 publication may be dated
250,su0JAQAAMAAJ,The Psychology of Electronic Trading,Brendon C. W. Seeto,,2004,metadata_only,"No web evidence, no publisher information, and no ratings are available for this book, making quality assessment highly uncertain. The topic — psychology of electronic trading — is relevant to Atlas's scope, but the author Brendon C. W. Seeto appears to have little to no established reputation in the field. Given the lack of any corroborating evidence of credibility or readership, a human review is warranted before inclusion.",unknown publisher; no ratings or reviews found; obscure author with no web presence; dated (2004) — electronic trading landscape has changed substantially
251,gxsWAQAAMAAJ,British Financial Markets and Institutions,"Jenifer Piesse, K. V. Peasnell, Charles W. R. Ward",Financial Times/Prentice Hall,1995,metadata_only,"Published in 1995 by a credible academic publisher (FT/Prentice Hall) with respectable authors, this is a legitimate academic textbook covering British financial markets and institutions. However, it is nearly 30 years old, making much of its institutional and regulatory content obsolete, and the single 5-star Google rating provides no meaningful quality signal. Its textbook/introductory nature and significant age make it borderline for Atlas's needs, warranting human review.",single rating — statistically meaningless; 1995 publication — significantly dated; introductory/textbook format; no web evidence found
252,sgVDAAAAIAAJ,Fundamentals of Investment,Samuel O. Rice,,1925,metadata_only,"This is a 1925 investment fundamentals text by Samuel O. Rice with no publisher, no ratings, no web evidence, and no existing annotations. The historical date and unknown author make it impossible to assess canonical status or quality. Without further evidence of the author's credentials or the book's influence, a human review is warranted before inclusion.",no publisher listed; no web evidence; 1925 publication date may limit practical relevance; unknown author
253,JlLtAAAAMAAJ,The Pension Plan Investor,Daniel M. Kehrer,Irwin Professional Publishing,1991,metadata_only,"Published by Irwin Professional Publishing (a credible financial publisher) in 1991, this book targets pension plan investing which is relevant to the investing/financial markets scope. However, with no ratings, no web evidence, no description, and a 30+ year-old publication date (pension rules have changed substantially), there is insufficient evidence to confidently place it. A human reviewer should assess whether the content remains relevant or has been superseded.",1991 publication may be outdated for pension regulations; no web evidence found; no ratings available
258,3tgpAQAAMAAJ,How the Average Investor Can Use Technical Analysis for Stock Profits,James Dines,,1972,metadata_only,"James Dines is a historically notable technical analyst and newsletter writer ('The Dines Letter'), giving this 1972 work some credibility as an early technical analysis text. However, no ratings, reviews, or corroborating web evidence are available to confirm its standing. The title's 'average investor' framing is mildly concerning but not disqualifying given the era and author's reputation. Without further evidence, a human review is warranted to determine if it has canonical status in early technical analysis literature.",'average investor' framing borders on mass-market accessibility pitch; 1972 publication with no web evidence or ratings
259,x9SwAAAAIAAJ,International Money and Foreign Exchange Markets,Julian Walmsley,John Wiley & Sons,1996,metadata_only,"This is a 1996 Wiley textbook on international money and foreign exchange markets by Julian Walmsley, which is relevant to forex and macro topics in Atlas's scope. However, it is explicitly aimed at undergraduate students, is nearly 30 years old, and there is no web evidence, ratings, or reading-list mentions to gauge its canonical status or ongoing relevance. Without stronger evidence of lasting influence, a human review is warranted before keeping or dropping.",1996 publication may be outdated for forex markets; explicitly targeted at undergraduates as a textbook; no web evidence or ratings found
260,N6CxAAAAIAAJ,The Valuation of Shares and the Efficient-markets Theory,Michael Arthur Firth,,1977,metadata_only,"Michael Arthur Firth is a credible academic in finance/accounting, and the topic—share valuation and efficient markets theory—is directly relevant to investing and financial markets. However, the 1977 publication date, absence of any ratings, no publisher information, and lack of web evidence make it impossible to assess current relevance or quality. The book may be a dated academic text superseded by more canonical works on EMH, warranting human review.",no web evidence; no publisher listed; 1977 vintage with no ratings or reviews found; no description available
261,9FGyAAAAIAAJ,How Well Do Foreign Exchange Markets Function,Jeffrey A. Frankel,,1996,metadata_only,"Jeffrey A. Frankel is a credible Harvard economist specializing in international finance and foreign exchange markets, lending some authority to this work. However, this appears to be a working paper or policy paper rather than a book, with no publisher, no ratings, and no web evidence. The Tobin tax discussion is historically interesting but narrow in scope, and the 1996 date limits contemporary relevance. Without stronger evidence of book-format publication or canonical status, a human review is warranted.","appears to be a working paper or policy paper, not a trade book; no publisher listed; no ratings or reviews found; 1996 paper on Tobin tax may be outdated"
265,0UIUAQAAMAAJ,Timing the Market,Curtis M. Arnold,,1993,metadata_only,"The book covers technical analysis for market timing, which is directly relevant to Atlas's scope of trading and financial markets. However, there is no web evidence, no ratings, no publisher listed, and the description uses self-promotional language that reduces confidence. Curtis Arnold is a known technical analyst author (PPS Trading System), but without corroborating evidence this book warrants human review before inclusion.","no publisher listed; self-promotional description language ('groundbreaking', 'one of the best-written'); no web evidence found; 1993 publication may be outdated"
267,BJUpAQAAMAAJ,Financial Futures,"Carroll R. Melton, Terry Vance Pukula",,1984,metadata_only,"This 1984 book covers interest rate risk management using financial futures, which is relevant to Atlas's domain, but it is highly dated and predates modern derivatives markets significantly. No publisher, ratings, or web evidence exist to establish credibility or impact, and the authors are not recognizable figures in finance. Given the age and lack of any supporting evidence, a human review is warranted before keeping or dropping.",no publisher listed; 1984 publication date — highly dated; no web evidence or ratings found; unknown authors with no verifiable credentials
269,rvMJAQAAMAAJ,Global Investment Risk Management,Ezra Zask,,1993,metadata_only,"Ezra Zask is a credible finance professional known for work on derivatives and risk management, and the title is directly relevant to global investment risk — a core Atlas topic. However, with no web evidence, no ratings, no publisher information, and a 1993 publication date, there is insufficient signal to confirm quality or current relevance. A human review is warranted to determine whether this is a foundational specialist text or an obscure dated work.",no web evidence found; no publisher listed; 1993 publication may be dated; no ratings or reviews available
283,jH5AAQAAIAAJ,Takeovers and Freezeouts,"Martin Lipton, Erica H. Steinberger",,1978,metadata_only,"Martin Lipton is a highly credible author — a legendary M&A lawyer and founding partner of Wachtell Lipton — which lends this work authority in corporate takeover law. The subject matter (takeovers and freezeouts) is relevant to M&A investing and corporate finance but is primarily a legal treatise rather than an investing/trading guide. Without web evidence, ratings, or publisher confirmation, and given the 1978 date making content potentially outdated, a human review is warranted to determine if this legal reference remains relevant to Atlas's scope.",no web evidence; no publisher info; no rating data; 1978 publication may be outdated
284,WKowAQAAMAAJ,The New Science of Asset Allocation,Warren E. Bitters,Routledge,1997,metadata_only,"The topic — asset allocation for investment managers — is highly relevant to Atlas's scope, and Routledge is a credible academic publisher. However, Warren E. Bitters is an obscure author with no web presence or ratings evidence found, making quality assessment impossible from metadata alone. The 1997 publication date raises concerns about currency given the evolution of asset allocation methods since then. A human review is warranted to verify the author's credentials and the book's ongoing relevance.",unknown author; no web evidence; no ratings available; 1997 publication may be outdated
285,pyIUAQAAMAAJ,Managing Pension Funds in a Volatile Environment,Patrick J. Davey,,1988,metadata_only,"This 1988 book on pension fund management is topically relevant to institutional investing and portfolio management in financial markets. However, there is no web evidence, no publisher information, no ratings, and the author Patrick J. Davey is not recognizable as a canonical figure in the field. The age of the publication and lack of any corroborating evidence make it impossible to assess quality or influence confidently, warranting human review.",no web evidence; no publisher listed; 1988 publication may be outdated; unknown author
289,0M7m5EhDRFsC,Three Essays on Behavioral Finance,Gabriele M. Lepori,,2008,metadata_only,"This appears to be an academic dissertation or thesis (2008) on behavioral finance, which is directly relevant to financial markets. However, there is no publisher, no ratings, no reviews, and no web evidence to assess its quality or influence. Without evidence of citations, readership, or broader recognition, it cannot be confidently placed above REVIEW_C.",likely a doctoral dissertation or academic thesis; no publisher listed; no ratings or reviews found; no web evidence available
290,1KdHAAAAYAAJ,Psychological Traits and Trading Strategies,Bruno Biais,,2002,metadata_only,"Bruno Biais is a credible academic finance researcher (Toulouse School of Economics) known for work in market microstructure and behavioral finance, lending some credibility to this title. However, the lack of publisher, ratings, description, or any web evidence strongly suggests this is a working paper, conference paper, or unpublished manuscript rather than a commercially published book. The topic of psychological traits and trading strategies is directly relevant to Atlas's scope, but insufficient evidence exists to confidently tier this as a full book worthy of inclusion.",no publisher listed; no ratings or reviews found; likely an academic working paper or conference paper rather than a book; year 2002 with no web evidence suggests limited distribution
292,FnwrAQAAMAAJ,Counterintuitive Investing,Harlan D. Platt,Thomson South-Western,2005,metadata_only,"This 2005 book on contrarian investing strategies is relevant to the Atlas domain but has no ratings, no web evidence, and no visible presence on reputable reading lists. The author (Harlan D. Platt) is an academic at Northeastern and the publisher (Thomson South-Western) is credible, but without any community signal or citation evidence it is impossible to confirm whether this is a valuable specialist text or a forgettable academic work. A human review is warranted before keeping or dropping.",no web evidence found; no ratings available; obscure author with limited public profile; published by minor academic press imprint in 2005 with no follow-up visibility
300,C_YJAQAAMAAJ,From Early Warning Systems to Asset Managers' Behavior,Daniela Beckmann,"Peter Lang Gmbh, Internationaler Verlag Der Wissenschaften",2007,metadata_only,"This appears to be an academic dissertation or monograph published by Peter Lang (a known academic press for dissertations) covering early warning systems for financial crises and asset manager behavior — topics relevant to financial markets and macro. However, there is no web evidence, no ratings, and no indication of broader readership or citation impact. Without evidence of influence or adoption on reading lists, this remains uncertain and warrants human review rather than a confident keep or drop.",academic monograph from niche publisher; no web evidence; no ratings or reviews found; narrow academic scope
307,duUJAQAAMAAJ,A Practical Guide to Sovereign Wealth Funds,Adnan Hassan,Euromoney Publications,2009,metadata_only,"Published by Euromoney Publications, a credible specialist financial publisher, which lends some credibility to this 2009 guide on sovereign wealth funds. SWFs are relevant to macro and institutional investing, giving it moderate relevance to Atlas's scope. However, there is no rating data, no web evidence, and no manual annotations to confirm quality or reception. A human review is warranted to determine whether this is a substantive specialist reference or a thin overview.",no ratings or reviews found; no web evidence; niche topic with limited audience
308,FSG3AAAAIAAJ,"Banking, Financial Integration, and International Crises","Leonardo Hernández, Klaus Schmidt-Hebbel",,2002,metadata_only,"The title suggests academic/policy-oriented content on banking integration and international financial crises, which is relevant to macro and financial markets. Klaus Schmidt-Hebbel is a credible economist associated with the Central Bank of Chile and OECD work, lending some authority. However, with no publisher, no ratings, no description, and no web evidence, confidence is too low to assign a definitive tier. A human review is warranted to determine if this is a substantial edited volume or a minor working paper compilation.",no web evidence; no publisher listed; no rating or review data; no description
309,GIUnAQAAIAAJ,International Handbook of Development Economics,"Amitava Krishna Dutt, Jaime Ros",,2008,metadata_only,"This is a two-volume academic reference on development economics, a field adjacent to but distinct from Atlas's core scope of investing, trading, financial markets, and macro. While development economics has some macro overlap, the primary focus on economic development policy is low-relevance for Atlas users. No ratings or web evidence are available to assess quality, and no manual annotations exist, making a confident judgment difficult.",no rating data; development economics focus rather than investing/trading/markets/macro
313,jEyyAAAAIAAJ,International Trade and Business Cycles,Marianne Baxter,,1995,metadata_only,"Marianne Baxter is a credible academic economist known for work on international macroeconomics and business cycles (e.g., the Baxter-King filter), and the topic of international trade and business cycles is relevant to macro. However, this appears to be an academic working paper or book chapter rather than a standalone published book, with no publisher listed and no rating evidence. Without confirmation it is a full book rather than a paper, it warrants human review before inclusion.","appears to be an academic working paper or chapter, not a standalone book; no publisher listed; no ratings or reviews found; 1995 date suggests it may be a conference paper or NBER working paper"
322,QpxUcdX9rK0C,Tax Neutrality and Intangible Capital,"Don Fullerton, Andrew B. Lyon",,1987,metadata_only,"This appears to be a 1987 academic paper or NBER working paper by Don Fullerton and Andrew Lyon on tax neutrality and intangible capital — a narrow topic in public finance/tax economics. While the authors are credible economists (Fullerton is well-known in public finance), there is no evidence this is a standalone book with significant readership or relevance to Atlas's investing/trading/markets focus. Without publisher info, ratings, or web evidence, confidence is low and a human review is warranted.",no publisher listed; no ratings or reviews found; 1987 NBER working paper / academic paper rather than book; very narrow academic tax policy topic
329,JdgpAQAAMAAJ,Computerized Trading,Mark Jurik,Penguin Putnam,1999,metadata_only,"Mark Jurik is a known figure in technical analysis and algorithmic trading, and Penguin Putnam is a credible publisher, lending some legitimacy to this multi-contributor guide on computerized trading. The topic is highly relevant to Atlas's scope. However, no ratings or web evidence exist to confirm quality or reception, and the 1999 date means much of the content may be obsolete given how dramatically computerized trading has evolved. A human review is warranted to assess whether it retains canonical or historical value.",no ratings or reviews found; description uses mild hype ('ground-breaking'); 1999 publication may be outdated for computerized trading
333,Uu4JAQAAMAAJ,What Works in Online Trading,Mark Etzkorn,Wiley,2001,metadata_only,"Published by Wiley in 2001, which lends some credibility, but no ratings, reviews, or web evidence are available to assess reception. The book investigates online day trading practices from the early internet era, which limits its contemporary relevance given how dramatically markets and technology have changed. Without further evidence of canonical status or author reputation, a human review is warranted before keeping or dropping.",dated (2001); no web evidence found; no ratings available; day trading focus may be too narrow/niche
337,j-QbAQAAMAAJ,Emerging Governance Practices in Enterprise Risk Management,Matteo Tonello,,2007,metadata_only,"This appears to be a corporate governance/ERM report by Matteo Tonello, likely published by The Conference Board given his affiliation, focused on enterprise risk management practices at organizations. While ERM has some relevance to financial risk management, this report targets corporate governance practitioners rather than investors or traders. No ratings, reviews, or web evidence exist to assess quality or impact.",no web evidence; corporate governance report rather than investing/trading book; 2007 publication may be dated for ERM practices
341,GgIrEQAAQBAJ,Building Algorithmic Trading Systems,William Johnson,HiTeX Press,2024,metadata_only,"The book covers a highly relevant topic (algorithmic trading systems) and the description sounds substantive, covering data analysis, risk management, and ML/AI applications. However, HiTeX Press is an obscure publisher with no verifiable reputation, there is zero web evidence or community validation, and no ratings exist. Without any corroborating evidence of author credentials or community reception, this requires human review before keeping.",unknown publisher (HiTeX Press); no web evidence found; no ratings or reviews; 2024 publication with zero web presence; step-by-step guide framing edges toward introductory/beginner territory
342,QY0qEQAAQBAJ,Financial Econometrics,William Johnson,HiTeX Press,2024,metadata_only,"The topic (financial econometrics, volatility modeling, time series, options pricing) is highly relevant to Atlas's investing/markets scope. However, the publisher HiTeX Press is obscure, the author William Johnson has no verifiable credentials or web presence, and there is zero external evidence of the book's quality or adoption. The 'beginners and seasoned professionals' framing is a soft red flag but not disqualifying; this warrants human review rather than an automatic drop.",unknown publisher (HiTeX Press); unknown author with no web presence; 2024 publication with zero web evidence; description mentions 'beginners' as target audience
344,Hju3AAAAIAAJ,Market Microstructure and Market Liquidity,"Jun Muranaga, Tokiko Shimizu",,1999,metadata_only,"The topic — market microstructure and liquidity — is directly relevant to Atlas's scope, and the analytical approach (simulation model, efficiency/stability relationship) suggests a credible academic or policy-oriented work. However, no publisher information, no ratings, no web evidence, and no manual annotations are available, making quality assessment very uncertain. The authors appear to be associated with the Bank of Japan (a credible institutional context for 1999), but without corroborating evidence this warrants human review rather than a confident keep or drop decision.",
345,Wa4-rpTArC0C,Econometric Models of Limit-order Executions,"Andrew Wen-Chuan Lo, Archie Craig MacKinlay, June Zhang",,1997,metadata_only,"This appears to be an academic working paper (1997) by Andrew Lo and Craig MacKinlay (credible finance/econometrics authors) on limit-order execution modeling, which is directly relevant to market microstructure. However, the description is entirely mismatched — it discusses monetary shocks and business cycles, not limit orders — suggesting a metadata error. Without web evidence and with a garbled description, this cannot be confidently classified.","description mismatch: title is about limit-order executions but description discusses monetary policy/business cycle models; likely a working paper or academic paper, not a book; no publisher, no ratings, no web evidence"
346,TDu3AAAAIAAJ,Expectations and Market Microstructure when Liquidity is Lost,"Jun Muranaga, Tokiko Shimizu",,1999,metadata_only,"This appears to be a working paper or research memo by Bank of Japan researchers on market microstructure and liquidity evaporation, topics highly relevant to financial markets. However, there is no publisher, no ratings data, no web evidence, and no manual annotations, making quality assessment nearly impossible. The topic (price discovery halts, liquidity evaporation via simulation) is academically relevant but the document format is unclear — it may not qualify as a standalone book.",no publisher listed; no ratings or reviews found; appears to be a working paper or conference paper rather than a book; 1999 date suggests it may be a research memo
347,0i0-AQAAIAAJ,The Law and Economics of Best Execution,Jonathan R. Macey,,1997,metadata_only,"Jonathan R. Macey is a credible Yale law professor known for securities and corporate law scholarship, lending some credibility to this title. The topic of best execution in financial markets is relevant to trading and market microstructure. However, no web evidence, ratings, or publisher information is available, and the 1997 date makes it potentially dated. Without further evidence, this warrants human review rather than a confident keep or drop decision.",no web evidence; no publisher listed; no ratings or reviews
349,kMfvaoBR7CgC,The Flow of Information in Financial Markets,Allan A. Zebedee,,2001,metadata_only,"The title suggests relevance to market microstructure and information asymmetry in financial markets, which aligns with Atlas's scope. However, there is no web evidence, no publisher, no ratings, and the author Allan A. Zebedee is not recognizable as a prominent figure in the field. With metadata only, this cannot be confidently placed without human review.",no publisher listed; no web evidence found; no ratings or reviews; unknown author
351,5vPukh99wHkC,An Intraday Analysis of Stock Market Liquidity,Joe Lange,,1998,metadata_only,"The title suggests a niche academic or technical study on intraday stock market liquidity, which is relevant to trading and financial markets. However, there is no publisher, no ratings, no reviews, and no web evidence to assess quality or credibility. Without corroborating evidence of peer recognition, citation, or publication by a reputable press, this cannot be confidently kept or dropped and warrants human review.",no publisher listed; no ratings or reviews found; no web evidence; obscure or unpublished work
355,mDLHDRtFVEgC,Effects of Trading Halt System on Market Functioning,"Jun Muranaga, Tokiko Shimizu",,1999,metadata_only,"This appears to be an academic or working paper on market microstructure, specifically trading halt mechanisms and their effects on market functioning — a relevant but niche topic within financial markets. The authors Jun Muranaga and Tokiko Shimizu are likely affiliated with the Bank of Japan based on naming conventions and the 1999 timeframe, suggesting institutional credibility. However, with no publisher, no ratings, and no web evidence, it is impossible to assess quality or impact confidently. A human reviewer should determine whether this is a credible research paper worth including for specialist microstructure coverage.",no publisher listed; no ratings or reviews found; no web evidence
356,78EiAQAAMAAJ,An Ordered Probit Analysis of Transaction Stock Prices,"Jerry A. Hausman, Andrew Wen-Chuan Lo, Archie Craig MacKinlay",,1991,metadata_only,"This appears to be an academic research paper (likely an NBER working paper) by highly credible authors—Hausman, Lo, and MacKinlay are all prominent financial economists—on microstructure econometrics of transaction prices. However, it is almost certainly not a standalone book but rather a journal article or working paper, making it inappropriate for a book recommendation platform. Without publisher information, ratings, or web evidence confirming book status, this warrants human review rather than automatic retention or dropping.","appears to be an academic working paper/article, not a book; no publisher listed; no ratings or reviews found; 1991 date suggests this may be a NBER working paper"
362,57fuAAAAMAAJ,Financial Modelling,Andrzej M. J. Skulimowski,,1999,metadata_only,"Metadata-only assessment with no web evidence, no publisher, no description, and no ratings available for this 1999 book by Andrzej Skulimowski. The title 'Financial Modelling' is highly relevant to Atlas's investing/financial markets scope, but without any corroborating evidence of quality, readership, or canonical status, a confident tier assignment is not possible. Skulimowski appears to be an academic researcher in decision support and AI, but this specific work cannot be verified. Flagged for human review.",no publisher listed; no description available; no web evidence; 1999 publication with no ratings or reviews found
368,Tg9LAAAAYAAJ,Analysis of American and Canadian Securities for the Use of English Investors,Kenneth Ffarington Bellairs,,1874,metadata_only,"This is a 19th-century (1874) specialized text on North American securities for British investors, which is topically relevant to investing and financial markets. However, there is no web evidence, no ratings, no publisher information, and the author is obscure, making quality assessment extremely difficult. Its historical age may give it archival interest but limits practical relevance for a modern investing/trading recommender; a human should decide whether its historical value warrants inclusion.",no web evidence; obscure 19th-century text; no publisher info; no ratings or reviews
370,EmYPAQAAMAAJ,Modern Strategy for Successful Investing,"Keith V. Smith, David K. Eiteman",,1974,metadata_only,"This 1974 investing strategy book has no web evidence, no ratings, and no description to evaluate quality or relevance. David K. Eiteman is a credible finance academic known for international finance textbooks, lending some credibility. However, without further evidence of canonical status or continued relevance, a human review is warranted before inclusion.",no web evidence; no publisher listed; 1974 publication may be outdated for modern markets; no description available
372,ZEEPAQAAMAAJ,The Analysis of Financial Statements,Harry George Guthmann,,1925,metadata_only,"Harry George Guthmann was a respected finance professor at Northwestern, and early financial statement analysis texts from this era (like Graham's Security Analysis, 1934) can carry canonical weight. However, this 1925 text predates Graham and lacks any web evidence, ratings, or publisher confirmation to assess its current relevance or standing. Without evidence of continued citation or inclusion on reputable reading lists, it warrants human review rather than an automatic keep or drop.",very old (1925); no ratings or reviews found; no publisher listed; no description available
373,owAdAAAAIAAJ,Badger on Investment Principles and Practices,Ralph Eastman Badger,,1928,metadata_only,"Ralph Eastman Badger was a recognized academic in finance/investment during the early 20th century, and a 1928 text on investment principles has historical relevance to the investing domain. However, there is no web evidence, ratings, or publisher information to confirm quality or canonical status. Without corroborating evidence of its influence or standing on reading lists, this warrants human review rather than a confident keep or drop.",no ratings or reviews found; 1928 publication with no web evidence; no publisher information
375,VOC2AAAAIAAJ,Handbook of International Accounting,Frederick D. S. Choi,Wiley,1991,metadata_only,"Published in 1991 by Wiley and authored by Frederick Choi, a credible academic in international accounting, this is a legitimate reference work from a reputable publisher. However, the 1991 date means it predates major developments like IFRS convergence, making much of the technical content obsolete. Relevance to Atlas's investing/trading/markets/macro scope is moderate at best, as international accounting standards are more relevant to financial reporting than active investing or trading. Without ratings or web evidence, a human review is warranted to assess whether it retains canonical reference value.",1991 publication date — likely outdated for current accounting standards; no ratings or reviews found; no web evidence
376,vm5aAAAAYAAJ,Insurance Company Investment Management Handbook,"Edmund A. Mennis, Stanley D. Ryals",,1992,metadata_only,"This is a specialist handbook on insurance company investment management, which is tangentially relevant to institutional investing within Atlas's scope. Edmund Mennis had credibility as a CFA-affiliated author on investment topics, suggesting professional-grade content. However, with no ratings, no web evidence, no publisher information, and a 1992 publication date, there is insufficient evidence to confirm quality or continued relevance. A human review is warranted to determine if the content remains useful for institutional investing coverage.",no web evidence; no publisher listed; 1992 publication may be outdated for regulatory/investment guidance
382,uPxCAAAAIAAJ,Analyzing Financial Statements,Stephen Gilman,,1925,metadata_only,"Stephen Gilman's 1925 work on financial statement analysis is a historically early text in the field, predating Benjamin Graham's foundational works. Without web evidence, publisher info, or ratings, it is unclear whether this book has canonical status or is simply an obscure historical artifact. A human reviewer should assess whether it holds historical significance in financial analysis literature worth preserving in Atlas.",no web evidence; no publisher info; 1925 publication may be obsolete for modern financial analysis; no ratings or reviews found
385,X8NHAAAAIAAJ,The Analysis of Financial Statements,Aaron Morton Sakolski,,1923,metadata_only,"This 1923 text on financial statement analysis is historically early in the field, predating Benjamin Graham's foundational works. Aaron Morton Sakolski was a legitimate early 20th-century financial economist, but without web evidence or ratings it is unclear whether this book retains any canonical status or modern relevance. The topic is directly relevant to investing/financial analysis, but its age and lack of any supporting evidence warrant human review rather than a confident keep or drop decision.",no ratings or reviews found; very old (1923); no publisher information; no web evidence
386,ri79a3ckTX8C,Moody's Analyses of Railroad Investments,John Sherman Porter,,1926,metadata_only,"This is a 1926 Moody's railroad investment analysis reference volume, part of a historical annual series covering securities across multiple sectors. While Moody's is a credible financial institution with historical significance, this appears to be a dated reference/almanac rather than a broadly useful investing book. Without web evidence, ratings, or modern reading-list citations, a human should determine whether the historical archival value warrants inclusion in Atlas.",1926 publication date — historical artifact; no ratings or reviews found; no publisher identified; reference/almanac style annual rather than instructional investing book
388,P7ALAQAAIAAJ,Ratio Analysis of Financial Statements,"Alexander Wall, Raymond William Duning",,1928,metadata_only,"Alexander Wall is historically notable as a pioneer of ratio analysis in financial statement analysis, and this 1928 work is potentially a foundational text in the field. However, with no web evidence, no publisher, no description, and no ratings, it is impossible to confirm canonical status or current relevance. Given its age and niche historical significance, a human should decide whether it merits inclusion in Atlas's corpus.",no web evidence; very old publication (1928); no publisher listed; no description
389,21g6AQAAMAAJ,Investment Analysis,Walter Edwards Lagerquist,,1922,metadata_only,"This is a 1922 investment analysis text with no web evidence, ratings, or publisher information available. While the title is directly relevant to Atlas's scope, its extreme age likely renders its content obsolete for practical investing guidance. Without evidence of canonical status or continued academic citation, this warrants human review rather than automatic retention or dropping.",1922 publication — very dated; no publisher info; no web evidence or ratings; unknown author prominence
396,pVIUAQAAMAAJ,Analysis of Industrial Securities,Carl Kraft,,1930,metadata_only,"This 1930 text on industrial securities analysis is topically relevant to investing and financial markets, but Carl Kraft is not a recognized canonical figure and there is no web evidence, ratings, or publisher information to assess quality. The historical date and topic suggest it could be a legitimate early work in security analysis, but without corroborating evidence it cannot be confidently placed above REVIEW_C. A human should determine whether this book has historical significance or is simply an obscure, low-impact text.",no web evidence; unknown publisher; no ratings or reviews found; obscure author
400,gARFAAAAYAAJ,"Applied Commodity Price Analysis, Forecasting, and Risk Management",NCR-134 (Committee : U.S.). Conference,,1989,metadata_only,"This appears to be a 1989 conference proceedings volume from the NCR-134 Committee, an agricultural economics research group focused on commodity markets — topically relevant to commodity price analysis and risk management within Atlas's scope. However, there is no web evidence, no ratings, no publisher information, and no annotation history to assess quality or ongoing relevance. The age and niche academic nature warrant human review rather than an automatic keep or drop.",no publisher listed; conference proceedings from 1989; no web evidence found; committee/institutional authorship with no broader reputation signal
402,3NHs46dQsqcC,Market Integration and Price Execution for NYSE-listed Securities,Charles M. C. Lee,,1993,metadata_only,"Charles M. C. Lee is a respected finance academic known for market microstructure research, and the title suggests a scholarly work on NYSE price execution and market integration — directly relevant to trading/markets. However, with no publisher, no ratings, no description, and no web evidence, it is unclear whether this is a standalone book or an academic paper/dissertation from 1993. Insufficient evidence to confirm it merits a place in Atlas without human review.",no publisher listed; no description; no web evidence; likely academic paper or monograph rather than book
403,wP8fIoP0NrMC,Purchase of Order Flows and Favorable Executions,Charles M. C. Lee,,1991,metadata_only,"Charles M. C. Lee is a credible academic finance researcher known for market microstructure work, and the topic of order flow and trade execution is directly relevant to trading and financial markets. However, this 1991 entry appears to be an academic paper or working paper rather than a standalone book, given the lack of publisher, ratings, or any web evidence. Without confirmation that this is a book rather than an academic article, a human review is warranted.",no publisher listed; no ratings or reviews found; likely academic paper or working paper rather than a book
404,s55ya9gwYTQC,Optimal Execution of Multiasset Block Orders Under Stochastic Liquidity,"Naoki Makimoto, Yoshihiko Sugihara",,2010,metadata_only,"This appears to be an academic research paper rather than a book, covering optimal execution and market microstructure — highly relevant to trading and financial markets. The topic (multiasset block order execution under stochastic liquidity) is technically sophisticated and credible, but without publisher information, ratings, or web evidence it is impossible to confirm this is a standalone book suitable for Atlas. A human reviewer should determine whether this is a journal article or working paper rather than a tradeable book.","academic paper, not a book; no publisher or rating data; no web evidence"
413,ZB6hEQAAQBAJ,Crypto Market Microstructure,Victor Trex,HiTeX Press,2025,metadata_only,"The topic — crypto market microstructure covering AMMs, DEXs, and centralized order books — is highly relevant to Atlas's trading/markets scope, and the description is technically substantive rather than hyperbolic or beginner-oriented. However, the author Victor Trex and publisher HiTeX Press have no discoverable reputation or web presence, the book is brand new (2025) with zero ratings or reviews, and no corroborating evidence exists. Without any quality signal, this warrants human review rather than an automatic keep or drop.",unknown author (Victor Trex); unknown publisher (HiTeX Press); 2025 publication with zero web evidence; no ratings or reviews found
414,qi8izwEACAAJ,Optimal Trade Execution Under Stochastic Volatility and Liquidity,Patrick Cheridito,,2014,metadata_only,"This appears to be an academic working paper or preprint by Patrick Cheridito (a credible quantitative finance/mathematics professor) on optimal trade execution under stochastic volatility, which is directly relevant to algorithmic trading and market microstructure. However, without a publisher, ratings, or web evidence, it is unclear whether this is a standalone book or a research paper, warranting human review rather than a definitive keep or drop decision.",no publisher listed; appears to be a working paper or academic preprint rather than a published book; no web evidence or ratings
415,4MoazwEACAAJ,"Liquidity, Resiliency and Market Quality Around Predictable Trades",Hendrik Bessembinder,,2015,metadata_only,"Hendrik Bessembinder is a well-regarded finance academic known for market microstructure and asset pricing research, lending some credibility. However, this entry appears to be an academic working paper or journal article rather than a standalone book, with no publisher, no ratings, and no web evidence confirming book status. The topic (market microstructure, liquidity, ETF roll trades) is relevant to trading but the format makes it unsuitable for a book recommender without further verification.","appears to be an academic working paper/article, not a book; no publisher listed; no ratings or reviews"
416,QGzozgEACAAJ,Hidden Liquidity,Bidisha Chakrabarty,,2008,metadata_only,"This appears to be an academic working paper or research article rather than a proper book — the description reads like an abstract discussing hidden orders in electronic limit order books around earnings announcements. No publisher is listed, no ratings exist, and there is no web evidence to confirm it was published as a standalone book. The topic (hidden liquidity and order books) is relevant to market microstructure, but without confirmation it is a proper book, it cannot be reliably kept.","appears to be an academic paper/working paper, not a book; no publisher listed; no web evidence; 2008 date with no ratings suggests limited distribution"
